<?xml version="1.0" encoding="UTF-8" standalone="no"?>
<!--

    Licensed to the Apache Software Foundation (ASF) under one
    or more contributor license agreements.  See the NOTICE file
    distributed with this work for additional information
    regarding copyright ownership.  The ASF licenses this file
    to you under the Apache License, Version 2.0 (the
    "License"); you may not use this file except in compliance
    with the License.  You may obtain a copy of the License at

    http://www.apache.org/licenses/LICENSE-2.0

    Unless required by applicable law or agreed to in writing,
    software distributed under the License is distributed on an
    "AS IS" BASIS, WITHOUT WARRANTIES OR CONDITIONS OF ANY
    KIND, either express or implied.  See the License for the
    specific language governing permissions and limitations
    under the License.
-->

<!-- This is the catalog of OFBiz XML schemas for Eclipse. Just import it and this will avoid Eclipse to go to the web for checking the xml files against their schema. 
     More at https://cwiki.apache.org/confluence/display/OFBIZ/Eclipse+Tips#EclipseTips-xmlCatalog
-->
<catalog xmlns="urn:oasis:names:tc:entity:xmlns:xml:catalog">
  <nextCatalog catalog="platform:/resource/ofbiz/framework/base/dtd/base-catalog.xml"/>
  <nextCatalog catalog="platform:/resource/ofbiz/framework/datafile/dtd/datafiles-catalog.xml"/>
  <nextCatalog catalog="platform:/resource/ofbiz/framework/entity/dtd/entity-catalog.xml"/>
  <nextCatalog catalog="platform:/resource/ofbiz/framework/minilang/dtd/minilang-catalog.xml"/>
  <nextCatalog catalog="platform:/resource/ofbiz/framework/service/dtd/service-catalog.xml"/>
  <nextCatalog catalog="platform:/resource/ofbiz/framework/testtools/dtd/testtools-catalog.xml"/>
  <nextCatalog catalog="platform:/resource/ofbiz/framework/webapp/dtd/webapp-catalog.xml"/>
  <nextCatalog catalog="platform:/resource/ofbiz/framework/widget/dtd/widget-catalog.xml"/>
</catalog>
