<?xml version="1.0" encoding="UTF-8"?>
<!--
Licensed to the Apache Software Foundation (ASF) under one
or more contributor license agreements.  See the NOTICE file
distributed with this work for additional information
regarding copyright ownership.  The ASF licenses this file
to you under the Apache License, Version 2.0 (the
"License"); you may not use this file except in compliance
with the License.  You may obtain a copy of the License at

http://www.apache.org/licenses/LICENSE-2.0

Unless required by applicable law or agreed to in writing,
software distributed under the License is distributed on an
"AS IS" BASIS, WITHOUT WARRANTIES OR CONDITIONS OF ANY
KIND, either express or implied.  See the License for the
specific language governing permissions and limitations
under the License.
-->

<entity-eca xmlns:xsi="http://www.w3.org/2001/XMLSchema-instance"
        xsi:noNamespaceSchemaLocation="https://ofbiz.apache.org/dtds/entity-eca.xsd">

    <!-- If the text in the database has changed for the data resource, we need to clear out anything depending on this cached value -->
    <eca entity="ElectronicText" operation="store-remove" event="return">
        <action service="clearAssociatedRenderCache" mode="sync" />
    </eca>

    <!-- Content Keyword Indexing ECAs -->
    <eca entity="Content" operation="create" event="return">
        <action service="indexContentKeywords" mode="sync" value-attr="contentInstance"/>
    </eca>
    <eca entity="Content" operation="store" event="return">
        <action service="indexContentKeywords" mode="sync"/>
    </eca>
    <eca entity="ContentAttribute" operation="create-store" event="return">
        <action service="indexContentKeywords" mode="sync"/>
    </eca>
    <eca entity="ContentMetaData" operation="create-store" event="return">
        <action service="indexContentKeywords" mode="sync"/>
    </eca>
    <eca entity="ContentRole" operation="create-store" event="return">
        <action service="indexContentKeywords" mode="sync"/>
    </eca>
    <eca entity="ProductContent" operation="create-store" event="return">
        <action service="indexContentKeywords" mode="sync"/>
    </eca>
    <eca entity="ProductCategoryContent" operation="create-store" event="return">
        <action service="indexContentKeywords" mode="sync"/>
    </eca>
    <eca entity="PartyContent" operation="create-store" event="return">
        <action service="indexContentKeywords" mode="sync"/>
    </eca>
    <eca entity="WebSiteContent" operation="create-store" event="return">
        <action service="indexContentKeywords" mode="sync"/>
    </eca>
    <eca entity="WorkEffortContent" operation="create-store" event="return">
        <action service="indexContentKeywords" mode="sync"/>
    </eca>

</entity-eca>
