<?xml version="1.0" encoding="UTF-8"?>
<!--
Licensed to the Apache Software Foundation (ASF) under one
or more contributor license agreements.  See the NOTICE file
distributed with this work for additional information
regarding copyright ownership.  The ASF licenses this file
to you under the Apache License, Version 2.0 (the
"License"); you may not use this file except in compliance
with the License.  You may obtain a copy of the License at

http://www.apache.org/licenses/LICENSE-2.0

Unless required by applicable law or agreed to in writing,
software distributed under the License is distributed on an
"AS IS" BASIS, WITHOUT WARRANTIES OR CONDITIONS OF ANY
KIND, either express or implied.  See the License for the
specific language governing permissions and limitations
under the License.
-->

<ofbiz-component name="accounting"
        xmlns:xsi="http://www.w3.org/2001/XMLSchema-instance"
        xsi:noNamespaceSchemaLocation="https://ofbiz.apache.org/dtds/ofbiz-component.xsd">
    <resource-loader name="main" type="component"/>
    <classpath type="dir" location="config"/>

    <entity-resource type="model" reader-name="main" loader="main" location="entitydef/entitymodel_reports.xml"/>
    <entity-resource type="eca" reader-name="main" loader="main" location="entitydef/eecas.xml"/>
    <entity-resource type="data" reader-name="seed" loader="main" location="data/AccountingSecurityPermissionSeedData.xml"/>
    <entity-resource type="data" reader-name="seed" loader="main" location="data/AccountingSystemPropertyData.xml"/>
    <entity-resource type="data" reader-name="seed" loader="main" location="data/AccountingPortletData.xml"/>
    <entity-resource type="data" reader-name="seed-initial" loader="main" location="data/AccountingScheduledServiceData.xml"/>

    <!-- General Payment Service Definitions -->
    <service-resource type="model" loader="main" location="servicedef/services_agreement.xml"/>
    <service-resource type="model" loader="main" location="servicedef/services_admin.xml"/>
    <service-resource type="model" loader="main" location="servicedef/services_billing.xml"/>
    <service-resource type="model" loader="main" location="servicedef/services_budget.xml"/>
    <service-resource type="model" loader="main" location="servicedef/services_finaccount.xml"/>
    <service-resource type="model" loader="main" location="servicedef/services_fixedasset.xml"/>
    <service-resource type="model" loader="main" location="servicedef/services_invoice.xml"/>
    <service-resource type="model" loader="main" location="servicedef/services_ledger.xml"/>
    <service-resource type="model" loader="main" location="servicedef/services_payment.xml"/>
    <service-resource type="model" loader="main" location="servicedef/services_paymentmethod.xml"/>
    <service-resource type="model" loader="main" location="servicedef/services_paymentgateway.xml"/>
    <service-resource type="model" loader="main" location="servicedef/services_tax.xml"/>
    <service-resource type="model" loader="main" location="servicedef/services_rate.xml"/>
    <service-resource type="model" loader="main" location="servicedef/services_cost.xml"/>

    <!-- Payment Processor/Gateway Service Definitions -->
    <service-resource type="model" loader="main" location="servicedef/services_sagepay.xml"/>
    <service-resource type="model" loader="main" location="servicedef/services_authorizedotnet.xml"/>
    <service-resource type="model" loader="main" location="servicedef/services_clearcommerce.xml"/>
    <service-resource type="model" loader="main" location="servicedef/services_cybersource.xml"/>
    <service-resource type="model" loader="main" location="servicedef/services_paypal.xml"/>
    <service-resource type="model" loader="main" location="servicedef/services_pccharge.xml"/>
    <service-resource type="model" loader="main" location="servicedef/services_rita.xml"/>
    <service-resource type="model" loader="main" location="servicedef/services_valuelink.xml"/>
    <service-resource type="model" loader="main" location="servicedef/services_verisign.xml"/>
    <service-resource type="model" loader="main" location="servicedef/services_orbital.xml"/>
    <service-resource type="model" loader="main" location="servicedef/services_securepay.xml"/>

    <!-- Accounting Permission Services -->
    <service-resource type="model" loader="main" location="servicedef/services_perm.xml"/>

    <service-resource type="group" loader="main" location="servicedef/groups.xml"/>
    <service-resource type="eca" loader="main" location="servicedef/secas.xml"/>
    <service-resource type="eca" loader="main" location="servicedef/secas_payment.xml"/>
    <service-resource type="eca" loader="main" location="servicedef/secas_ledger.xml"/>
    <service-resource type="eca" loader="main" location="servicedef/secas_invoice.xml"/>

    <test-suite loader="main" location="testdef/accountingtests.xml"/>
    <test-suite loader="main" location="testdef/paymenttests.xml"/>
    <test-suite loader="main" location="testdef/paymentappltests.xml"/>
    <test-suite loader="main" location="testdef/invoicetests.xml"/>
    <test-suite loader="main" location="testdef/fixedassettests.xml"/>
    <test-suite loader="main" location="testdef/ratetests.xml"/>

    <webapp name="accounting"
        title="Accounting"
        position="5"
        server="default-server"
        location="webapp/accounting"
        base-permission="OFBTOOLS,ACCOUNTING"
        app-shortcut-screen="component://accounting/widget/CommonScreens.xml#ShortcutApp"
        mount-point="/accounting"/>

    <webapp name="ar"
        title="Accounting - AR"
        server="default-server"
        location="webapp/ar"
        base-permission="OFBTOOLS,ACCOUNTING"
        app-shortcut-screen="component://accounting/widget/ar/CommonScreens.xml#ShortcutApp"
        mount-point="/ar"/>

    <webapp name="ap"
        title="Accounting - AP"
        server="default-server"
        location="webapp/ap"
        base-permission="OFBTOOLS,ACCOUNTING"
        app-shortcut-screen="component://accounting/widget/ap/CommonScreens.xml#ShortcutApp"
        mount-point="/ap"/>
</ofbiz-component>
