<?xml version="1.0" encoding="UTF-8"?>
<!--
Licensed to the Apache Software Foundation (ASF) under one
or more contributor license agreements.  See the NOTICE file
distributed with this work for additional information
regarding copyright ownership.  The ASF licenses this file
to you under the Apache License, Version 2.0 (the
"License"); you may not use this file except in compliance
with the License.  You may obtain a copy of the License at

http://www.apache.org/licenses/LICENSE-2.0

Unless required by applicable law or agreed to in writing,
software distributed under the License is distributed on an
"AS IS" BASIS, WITHOUT WARRANTIES OR CONDITIONS OF ANY
KIND, either express or implied.  See the License for the
specific language governing permissions and limitations
under the License.
-->

<services xmlns:xsi="http://www.w3.org/2001/XMLSchema-instance"
        xsi:noNamespaceSchemaLocation="https://ofbiz.apache.org/dtds/services.xsd">
    <description>Accounting Permission Services</description>
    <vendor>OFBiz</vendor>
    <version>1.0</version>
    <service name="acctgAgreementPermissionCheck" engine="simple"
            location="component://accounting/minilang/permissions/PermissionServices.xml" invoke="acctgAgreementPermissionCheck">
        <description>Accounting Agreement Permission Checking Logic</description>
        <implements service="permissionInterface"/>
    </service>

    <service name="acctgBasePermissionCheck" engine="simple"
            location="component://accounting/minilang/permissions/PermissionServices.xml" invoke="basePermissionCheck">
        <description>Accounting Basic Permission Checking Logic</description>
        <implements service="permissionInterface"/>
    </service>

    <service name="acctgBillingAcctCheck" engine="simple"
            location="component://accounting/minilang/permissions/PermissionServices.xml" invoke="acctgBillingAcctCheck">
        <description>Basic Billing Account Permission Checking Logic</description>
        <implements service="permissionInterface"/>
    </service>

    <service name="acctgCommissionPermissionCheck" engine="simple"
            location="component://accounting/minilang/permissions/PermissionServices.xml" invoke="commissionPermissionCheck">
        <description>Accounting Commission Permission Checking Logic</description>
        <implements service="permissionInterface"/>
    </service>

    <service name="acctgCostPermissionCheck" engine="simple"
            location="component://accounting/minilang/permissions/PermissionServices.xml" invoke="acctgCostPermissionCheck">
        <description>Accounting Cost Permission Checking Logic</description>
        <implements service="permissionInterface"/>
    </service>

    <service name="acctgFinAcctPermissionCheck" engine="simple"
            location="component://accounting/minilang/permissions/PermissionServices.xml" invoke="acctgFinAcctPermissionCheck">
        <description>Accounting Financial Account Permission Checking Logic</description>
        <implements service="permissionInterface"/>
    </service>

    <service name="acctgFxPermissionCheck" engine="simple"
            location="component://accounting/minilang/permissions/PermissionServices.xml" invoke="acctgFxPermissionCheck">
        <description>Accounting Foreign Exchange Permission Checking Logic</description>
        <implements service="permissionInterface"/>
    </service>

    <service name="acctgInvoicePermissionCheck" engine="simple"
            location="component://accounting/minilang/permissions/PermissionServices.xml" invoke="acctgInvoicePermissionCheck">
        <description>Accounting Invoice Permission Checking Logic</description>
        <implements service="permissionInterface"/>
    </service>

    <service name="acctgPrefPermissionCheck" engine="simple"
            location="component://accounting/minilang/permissions/PermissionServices.xml" invoke="preferencePermissionCheck">
        <description>Accounting Preferences Permission Checking Logic</description>
        <implements service="permissionInterface"/>
    </service>

    <service name="acctgTransactionPermissionCheck" engine="simple"
            location="component://accounting/minilang/permissions/PermissionServices.xml" invoke="acctgTransactionPermissionCheck">
        <description>Basic General Ledger Permission Checking Logic</description>
        <implements service="permissionInterface"/>
    </service>

    <service name="basicGeneralLedgerPermissionCheck" engine="simple"
            location="component://accounting/minilang/permissions/PermissionServices.xml" invoke="basePermissionCheck">
        <description>Basic General Ledger Permission Checking Logic</description>
        <implements service="permissionInterface"/>
    </service>

    <service name="fixedAssetPermissionCheck" engine="simple"
            location="component://accounting/minilang/permissions/PermissionServices.xml" invoke="basePermissionCheck">
        <description>Fixed Asset Permission Checking Logic</description>
        <implements service="permissionInterface"/>
    </service>
    <service name="acctgPaymentPermissionCheck" engine="simple"
            location="component://accounting/minilang/permissions/PermissionServices.xml" invoke="acctgPaymentPermissionCheck">
        <description>Accounting Payment Permission Checking Logic</description>
        <implements service="permissionInterface"/>
    </service>
</services>
