<?xml version="1.0" encoding="UTF-8"?>
<!--
Licensed to the Apache Software Foundation (ASF) under one
or more contributor license agreements.  See the NOTICE file
distributed with this work for additional information
regarding copyright ownership.  The ASF licenses this file
to you under the Apache License, Version 2.0 (the
"License"); you may not use this file except in compliance
with the License.  You may obtain a copy of the License at

http://www.apache.org/licenses/LICENSE-2.0

Unless required by applicable law or agreed to in writing,
software distributed under the License is distributed on an
"AS IS" BASIS, WITHOUT WARRANTIES OR CONDITIONS OF ANY
KIND, either express or implied.  See the License for the
specific language governing permissions and limitations
under the License.
-->

<services xmlns:xsi="http://www.w3.org/2001/XMLSchema-instance"
        xsi:noNamespaceSchemaLocation="https://ofbiz.apache.org/dtds/services.xsd">
    <description>Accounting Services</description>
    <vendor>OFBiz</vendor>
    <version>1.0</version>

    <!-- RiTA (Local) Implementations -->
    <service name="ritaCCAuth" engine="java" export="true"
            location="org.apache.ofbiz.accounting.thirdparty.gosoftware.RitaServices" invoke="ccAuth">
        <description>RiTA Credit Card Pre-Authorization/Sale</description>
        <implements service="ccAuthInterface"/>
    </service>
    <service name="ritaCCCapture" engine="java" export="true"
            location="org.apache.ofbiz.accounting.thirdparty.gosoftware.RitaServices" invoke="ccCapture">
        <description>RiTA Credit Card Post-Authorization</description>
        <implements service="ccCaptureInterface"/>
    </service>
    <service name="ritaCCRelease" engine="java" export="true"
            location="org.apache.ofbiz.accounting.thirdparty.gosoftware.RitaServices" invoke="ccVoidRelease">
        <description>RiTA Credit Card Void</description>
        <implements service="paymentReleaseInterface"/>
    </service>
    <service name="ritaCCRefund" engine="java" export="true"
            location="org.apache.ofbiz.accounting.thirdparty.gosoftware.RitaServices" invoke="ccRefund">
        <description>RiTA Credit Card Refund - Main Service</description>
        <implements service="paymentRefundInterface"/>
    </service>
    <service name="ritaCCVoidRefund" engine="java" export="false"
            location="org.apache.ofbiz.accounting.thirdparty.gosoftware.RitaServices" invoke="ccVoidRefund">
        <description>RiTA Credit Card Void Refund - Called from ritaCCRefund</description>
        <implements service="paymentRefundInterface"/>
    </service>
    <service name="ritaCCCreditRefund" engine="java" export="false"
            location="org.apache.ofbiz.accounting.thirdparty.gosoftware.RitaServices" invoke="ccCreditRefund">
        <description>RiTA Credit Card Credit Refund - Called from ritaCCRefund</description>
        <implements service="paymentRefundInterface"/>
    </service>

    <!-- RiTA (Remote) Implementations -->
    <service name="ritaCCAuthRemote" engine="rmi"
            location="rita-rmi" invoke="ritaCCAuth">
        <description>RiTA Credit Card Pre-Authorization/Sale</description>
        <implements service="ccAuthInterface"/>
    </service>
    <service name="ritaCCCaptureRemote" engine="rmi"
            location="rita-rmi" invoke="ritaCCCapture">
        <description>RiTA Credit Card Post-Authorization</description>
        <implements service="ccCaptureInterface"/>
    </service>
    <service name="ritaCCReleaseRemote" engine="rmi"
            location="rita-rmi" invoke="ritaCCRelease">
        <description>RiTA Credit Card Void</description>
        <implements service="paymentReleaseInterface"/>
    </service>
    <service name="ritaCCRefundRemote" engine="rmi"
            location="rita-rmi" invoke="ritaCCRefund">
        <description>RiTA Credit Card Refund</description>
        <implements service="paymentRefundInterface"/>
    </service>
</services>
