<?xml version="1.0" encoding="UTF-8"?>
<!--
Licensed to the Apache Software Foundation (ASF) under one
or more contributor license agreements.  See the NOTICE file
distributed with this work for additional information
regarding copyright ownership.  The ASF licenses this file
to you under the Apache License, Version 2.0 (the
"License"); you may not use this file except in compliance
with the License.  You may obtain a copy of the License at

http://www.apache.org/licenses/LICENSE-2.0

Unless required by applicable law or agreed to in writing,
software distributed under the License is distributed on an
"AS IS" BASIS, WITHOUT WARRANTIES OR CONDITIONS OF ANY
KIND, either express or implied.  See the License for the
specific language governing permissions and limitations
under the License.
-->

<services xmlns:xsi="http://www.w3.org/2001/XMLSchema-instance"
        xsi:noNamespaceSchemaLocation="https://ofbiz.apache.org/dtds/services.xsd">
    <description>Accounting Services</description>
    <vendor>OFBiz</vendor>
    <version>1.0</version>

    <!-- Verisign Payflow Pro Implementations -->
    <service name="payflowCCProcessor" engine="java"
             location="org.apache.ofbiz.accounting.thirdparty.verisign.PayflowPro" invoke="ccProcessor">
        <description>Credit Card Processing</description>
        <implements service="ccAuthInterface"/>
    </service>

    <service name="payflowCCCapture" engine="java"
             location="org.apache.ofbiz.accounting.thirdparty.verisign.PayflowPro" invoke="ccCapture">
        <description>Credit Card Capture</description>
        <implements service="ccCaptureInterface"/>
    </service>

    <service name="payflowCCVoid" engine="java"
             location="org.apache.ofbiz.accounting.thirdparty.verisign.PayflowPro" invoke="ccVoid">
        <description>Credit Card Void</description>
        <implements service="paymentReleaseInterface"/>
    </service>

    <service name="payflowCCRefund" engine="java"
             location="org.apache.ofbiz.accounting.thirdparty.verisign.PayflowPro" invoke="ccRefund">
        <description>Credit Card Refund</description>
        <implements service="paymentRefundInterface"/>
    </service>
    
    <service name="payflowSetExpressCheckout" engine="java"
             location="org.apache.ofbiz.accounting.thirdparty.verisign.PayflowPro" invoke="setExpressCheckout">
        <implements service="payPalSetExpressCheckoutInterface"/>
    </service>
    <service name="payflowGetExpressCheckout" engine="java"
             location="org.apache.ofbiz.accounting.thirdparty.verisign.PayflowPro" invoke="getExpressCheckout">
        <implements service="payPalGetExpressCheckoutInterface"/>
    </service>
    <service name="payflowDoExpressCheckout" engine="java"
             location="org.apache.ofbiz.accounting.thirdparty.verisign.PayflowPro" invoke="doExpressCheckout">
        <implements service="payPalDoExpressCheckoutInterface"/>
    </service>
    
    <service name="payflowPayPalProcessor" engine="java"
             location="org.apache.ofbiz.accounting.thirdparty.verisign.PayflowPro" invoke="ccProcessor">
        <implements service="payPalProcessInterface"/>
    </service>
    <service name="payflowPayPalCapture" engine="java"
             location="org.apache.ofbiz.accounting.thirdparty.verisign.PayflowPro" invoke="ccCapture">
        <implements service="payPalCaptureInterface"/>
    </service>
    <service name="payflowPayPalVoid" engine="java"
             location="org.apache.ofbiz.accounting.thirdparty.verisign.PayflowPro" invoke="ccVoid">
        <description>Credit Card Void</description>
        <implements service="paymentReleaseInterface"/>
    </service>
    <service name="payflowPayPalRefund" engine="java"
             location="org.apache.ofbiz.accounting.thirdparty.verisign.PayflowPro" invoke="ccRefund">
        <implements service="paymentRefundInterface"/>
    </service>
</services>
