<?xml version="1.0" encoding="UTF-8"?>
<!--
Licensed to the Apache Software Foundation (ASF) under one
or more contributor license agreements.  See the NOTICE file
distributed with this work for additional information
regarding copyright ownership.  The ASF licenses this file
to you under the Apache License, Version 2.0 (the
"License"); you may not use this file except in compliance
with the License.  You may obtain a copy of the License at

http://www.apache.org/licenses/LICENSE-2.0

Unless required by applicable law or agreed to in writing,
software distributed under the License is distributed on an
"AS IS" BASIS, WITHOUT WARRANTIES OR CONDITIONS OF ANY
KIND, either express or implied.  See the License for the
specific language governing permissions and limitations
under the License.
-->

<services xmlns:xsi="http://www.w3.org/2001/XMLSchema-instance"
        xsi:noNamespaceSchemaLocation="https://ofbiz.apache.org/dtds/services.xsd">
    <description>Content Component Services</description>
    <vendor>OFBiz</vendor>

    <!--
        This service must do two things:

        First, call persistContentAndAssoc service to create the Content, DataResource and ImageDataResource/ElectronicText/??? entities.
            Note that it will not create a ContentAssoc entity, which persistContentAndAssoc can do.
            It should be able to auto populate the service parameters for persistContentAndAssoc from this service's input parameters
            using ModelService.makeValid (or the simple method equivalent).
            persistContentAndAssoc will return contentId.
            
        Second, it must create a CommEventContentAssoc record.
            The fromData should be defaulted if not passed in.
    -->
    <service name="createCommContentDataResource" engine="groovy"
             location="component://content/src/main/groovy/org/apache/ofbiz/content/content/ContentServicesScript.groovy" invoke="createCommContentDataResource">
        <description>Create CommunicationEvent and Content</description>
        <implements service="persistContentAndAssoc"/>
        <attribute name="communicationEventId" type="String" mode="IN" optional="false">
            <type-validate>
                <fail-property resource="ContentErrorUiLabels" property="ContentRequiredFieldMissingCommunicationEventId"/>
            </type-validate>
        </attribute>
        <attribute name="contentId" type="String" mode="IN" optional="false">
            <type-validate>
                <fail-property resource="ContentErrorUiLabels" property="ContentRequiredFieldMissingContentId"/>
            </type-validate>
        </attribute>
        <attribute name="fromDate" type="java.sql.Timestamp" mode="OUT" optional="false"/>
    </service>

    <service name="updateCommContentDataResource" engine="groovy"
                location="component://content/src/main/groovy/org/apache/ofbiz/content/content/ContentServicesScript.groovy" invoke="updateCommContentDataResource" auth="true">
        <description>Update CommunicationEvent and Content</description>
        <permission-service service-name="genericContentPermission" main-action="UPDATE"/>
        <implements service="persistContentAndAssoc"/>
        <attribute name="communicationEventId" type="String" mode="IN" optional="false">
            <type-validate>
                <fail-property resource="ContentErrorUiLabels" property="ContentRequiredFieldMissingCommunicationEventId"/>
            </type-validate>
        </attribute>
        <attribute name="fromDate" type="java.sql.Timestamp" mode="IN" optional="false">
            <type-validate>
                <fail-property resource="ContentErrorUiLabels" property="ContentRequiredFieldMissingFromDate"/>
            </type-validate>
        </attribute>
    </service>

    <service name="createCommEventContentAssoc" engine="entity-auto" invoke="create" default-entity-name="CommEventContentAssoc" auth="true">
        <description>Create CommEventContentAssoc</description>
        <auto-attributes mode="INOUT" include="pk" optional="false"/>
        <auto-attributes mode="IN" include="nonpk" optional="true"/>
        <override name="fromDate" optional="true"/>
    </service>

    <service name="updateCommEventContentAssoc" default-entity-name="CommEventContentAssoc" engine="entity-auto" invoke="update" auth="true">
        <description>Update CommEventContentAssoc</description>
        <attribute name="communicationEventId" type="String" mode="IN" optional="false">
            <type-validate>
                <fail-property resource="ContentErrorUiLabels" property="ContentRequiredFieldMissingCommunicationEventId"/>
            </type-validate>
        </attribute>
        <attribute name="contentId" type="String" mode="IN" optional="false">
            <type-validate>
                <fail-property resource="ContentErrorUiLabels" property="ContentRequiredFieldMissingContentId"/>
            </type-validate>
        </attribute>
        <attribute name="fromDate" type="java.sql.Timestamp" mode="IN" optional="false">
            <type-validate>
                <fail-property resource="ContentErrorUiLabels" property="ContentRequiredFieldMissingFromDate"/>
            </type-validate>
        </attribute>
        <attribute name="thruDate" type="java.sql.Timestamp" mode="IN" optional="true"/>
         <attribute name="sequenceNum" type="Long" mode="IN" optional="true"/>
    </service>

    <service name="expireCommEventContentAssoc" default-entity-name="CommEventContentAssoc" engine="entity-auto" invoke="expire" auth="true">
        <description>Expire CommEventContentAssoc</description>
        <auto-attributes mode="IN" include="pk" optional="false"/>
    </service>

    <service name="createCommContentAssocType" default-entity-name="CommContentAssocType" engine="entity-auto" invoke="create" auth="true">
        <description>Create a new Comm Content Assoc Type Record</description>
        <auto-attributes mode="INOUT" include="pk" optional="true"/>
        <auto-attributes mode="IN" include="nonpk" optional="true"/>
    </service>
    <service name="updateCommContentAssocType" default-entity-name="CommContentAssocType" engine="entity-auto" invoke="update" auth="true">
        <description>Update a Comm Content Assoc Type</description>
        <auto-attributes include="pk" mode="IN" optional="false"/>
        <auto-attributes include="nonpk" mode="IN" optional="true"/>
    </service>
    <service name="deleteCommContentAssocType" default-entity-name="CommContentAssocType" engine="entity-auto" invoke="delete" auth="true">
        <description>Delete an existing Comm Content Assoc Type Record</description>
        <auto-attributes mode="IN" include="pk" optional="false"/>
    </service>

</services>
