<?xml version="1.0" encoding="UTF-8"?>
<!--
Licensed to the Apache Software Foundation (ASF) under one
or more contributor license agreements.  See the NOTICE file
distributed with this work for additional information
regarding copyright ownership.  The ASF licenses this file
to you under the Apache License, Version 2.0 (the
"License"); you may not use this file except in compliance
with the License.  You may obtain a copy of the License at

http://www.apache.org/licenses/LICENSE-2.0

Unless required by applicable law or agreed to in writing,
software distributed under the License is distributed on an
"AS IS" BASIS, WITHOUT WARRANTIES OR CONDITIONS OF ANY
KIND, either express or implied.  See the License for the
specific language governing permissions and limitations
under the License.
-->

<entity-engine-xml>
    <!-- Marketing Manager security -->
    <SecurityGroupPermission fromDate="2001-05-13 12:00:00.0" groupId="FULLADMIN" permissionId="MARKETING_ADMIN"/>
    <SecurityGroupPermission fromDate="2001-05-13 12:00:00.0" groupId="FLEXADMIN" permissionId="MARKETING_CREATE"/>
    <SecurityGroupPermission fromDate="2001-05-13 12:00:00.0" groupId="FLEXADMIN" permissionId="MARKETING_DELETE"/>
    <SecurityGroupPermission fromDate="2001-05-13 12:00:00.0" groupId="FLEXADMIN" permissionId="MARKETING_UPDATE"/>
    <SecurityGroupPermission fromDate="2001-05-13 12:00:00.0" groupId="FLEXADMIN" permissionId="MARKETING_VIEW"/>
    <SecurityGroupPermission fromDate="2001-05-13 12:00:00.0" groupId="VIEWADMIN" permissionId="MARKETING_VIEW"/>
    <SecurityGroupPermission fromDate="2001-05-13 12:00:00.0" groupId="BIZADMIN" permissionId="MARKETING_ADMIN"/>

    <!-- SFA security -->
    <SecurityGroupPermission fromDate="2001-05-13 12:00:00.0" groupId="FULLADMIN" permissionId="SFA_ADMIN"/>
    <SecurityGroupPermission fromDate="2001-05-13 12:00:00.0" groupId="FLEXADMIN" permissionId="SFA_CREATE"/>
    <SecurityGroupPermission fromDate="2001-05-13 12:00:00.0" groupId="FLEXADMIN" permissionId="SFA_DELETE"/>
    <SecurityGroupPermission fromDate="2001-05-13 12:00:00.0" groupId="FLEXADMIN" permissionId="SFA_UPDATE"/>
    <SecurityGroupPermission fromDate="2001-05-13 12:00:00.0" groupId="FLEXADMIN" permissionId="SFA_VIEW"/>
    <SecurityGroupPermission fromDate="2001-05-13 12:00:00.0" groupId="VIEWADMIN" permissionId="SFA_VIEW"/>
    <SecurityGroupPermission fromDate="2001-05-13 12:00:00.0" groupId="BIZADMIN" permissionId="SFA_ADMIN"/>

    <!-- SFA System Property Data -->
    <SystemProperty systemResourceId="sfa" systemPropertyId="save.outgoing.directory" description="If the save.outgoing.directory is specified the file will be saved there, else it will be saved under OFBIZ_HOME"/>

    <!-- SFA Demo Data -->
    <!-- demo accounts -->
    <Party partyId="sfa100" partyTypeId="PARTY_GROUP" statusId="PARTY_ENABLED"/>
    <PartyGroup partyId="sfa100" groupName="A profitable Account"/>
    <PartyRole partyId="sfa100" roleTypeId="_NA_"/>
    <PartyRole partyId="sfa100" roleTypeId="ACCOUNT"/>
    <PartyStatus partyId="sfa100" statusId="PARTY_ENABLED" statusDate="2001-01-01 12:00:00.0"/>
    <ContactMech contactMechId="sfa100" contactMechTypeId="POSTAL_ADDRESS"/>
    <ContactMech contactMechId="sfa101" contactMechTypeId="TELECOM_NUMBER"/>
    <ContactMech contactMechId="sfa102" contactMechTypeId="EMAIL_ADDRESS" infoString="ofbiztest@example.com"/>
    <PostalAddress contactMechId="sfa100" address1="151 Madison street." city="Edison" postalCode="32451" countryGeoId="USA" stateProvinceGeoId="CA"/>
    <TelecomNumber contactMechId="sfa101" countryCode="1" areaCode="33" contactNumber="12456"/>
    <PartyContactMech partyId="sfa100" contactMechId="sfa100" fromDate="2000-01-01 00:00:00.000"/>
    <PartyContactMech partyId="sfa100" contactMechId="sfa101" fromDate="2000-01-01 00:00:00.000"/>
    <PartyContactMech partyId="sfa100" contactMechId="sfa102" fromDate="2000-01-01 00:00:00.000"/>
    <PartyContactMechPurpose partyId="sfa100" contactMechId="sfa100" contactMechPurposeTypeId="GENERAL_LOCATION" fromDate="2000-01-01 00:00:00.000"/>
    <PartyContactMechPurpose partyId="sfa100" contactMechId="sfa101" contactMechPurposeTypeId="PRIMARY_PHONE" fromDate="2000-01-01 00:00:00.000"/>
    <PartyContactMechPurpose partyId="sfa100" contactMechId="sfa102" contactMechPurposeTypeId="PRIMARY_EMAIL" fromDate="2000-01-01 00:00:00.000"/>

    <!-- demo contacts -->
    <Party partyId="DemoCustomer1" statusId="PARTY_ENABLED"/>
    <PartyRole partyId="DemoCustomer1" roleTypeId="CONTACT"/>
    <PartyStatus partyId="DemoCustomer1" statusId="PARTY_ENABLED" statusDate="2001-01-01 12:00:00.0"/>
    <PartyRelationship partyIdFrom="sfa100" roleTypeIdFrom="ACCOUNT" partyIdTo="DemoCustomer1" roleTypeIdTo="CONTACT" fromDate="2000-01-01 00:00:00.000" partyRelationshipTypeId="EMPLOYMENT"/>
    <Party partyId="DemoCustomer2" statusId="PARTY_ENABLED"/>
    <PartyRole partyId="DemoCustomer2" roleTypeId="CONTACT"/>
    <PartyStatus partyId="DemoCustomer2" statusId="PARTY_ENABLED" statusDate="2001-01-01 12:00:00.0"/>
    <PartyRelationship partyIdFrom="DemoCustCompany" roleTypeIdFrom="ACCOUNT" partyIdTo="DemoCustomer2" roleTypeIdTo="CONTACT" fromDate="2000-01-01 00:00:00.000" partyRelationshipTypeId="EMPLOYMENT"/>
    <Party partyId="DemoCustomer3" statusId="PARTY_ENABLED"/>
    <PartyRole partyId="DemoCustomer3" roleTypeId="CONTACT"/>
    <PartyStatus partyId="DemoCustomer3" statusId="PARTY_ENABLED" statusDate="2001-01-01 12:00:00.0"/>
    <PartyRelationship partyIdFrom="DemoCustCompany" roleTypeIdFrom="ACCOUNT" partyIdTo="DemoCustomer3" roleTypeIdTo="CONTACT" fromDate="2000-01-01 00:00:00.000" partyRelationshipTypeId="EMPLOYMENT"/>

    <!-- Demo Lead Owners -->
    <Party partyId="DemoLeadOwner" partyTypeId="PERSON" statusId="PARTY_ENABLED"/>
    <Person partyId="DemoLeadOwner" firstName="Demo" lastName="LeadOwner"/>
    <PartyRole partyId="DemoLeadOwner" roleTypeId="_NA_"/>
    <PartyRole partyId="DemoLeadOwner" roleTypeId="OWNER"/>
    <PartyStatus partyId="DemoLeadOwner" statusId="PARTY_ENABLED" statusDate="2001-01-01 12:00:00.0"/>
    <PartyRelationship partyIdFrom="Company" roleTypeIdFrom="_NA_" partyIdTo="DemoLeadOwner" roleTypeIdTo="_NA_" partyRelationshipTypeId="EMPLOYMENT" fromDate="2000-01-01 00:00:00"/>
    <UserLogin userLoginId="DemoLeadOwner" currentPassword="{SHA}47b56994cbc2b6d10aa1be30f70165adb305a41a" partyId="DemoLeadOwner" enabled="Y"/>
    <UserLoginSecurityGroup groupId="VIEWADMIN" userLoginId="DemoLeadOwner" fromDate="2001-05-13 00:00:00.000"/>

    <Party partyId="DemoLeadOwner1" partyTypeId="PERSON" statusId="PARTY_ENABLED"/>
    <Person partyId="DemoLeadOwner1" firstName="Demo" lastName="LeadOwner1"/>
    <PartyRole partyId="DemoLeadOwner1" roleTypeId="_NA_"/>
    <PartyRole partyId="DemoLeadOwner1" roleTypeId="OWNER"/>
    <PartyStatus partyId="DemoLeadOwner1" statusId="PARTY_ENABLED" statusDate="2001-01-01 12:00:00.0"/>
    <PartyRelationship partyIdFrom="Company" roleTypeIdFrom="_NA_" partyIdTo="DemoLeadOwner1" roleTypeIdTo="_NA_" partyRelationshipTypeId="EMPLOYMENT" fromDate="2000-01-01 00:00:00"/>
    <UserLogin userLoginId="DemoLeadOwner1" currentPassword="{SHA}47b56994cbc2b6d10aa1be30f70165adb305a41a" partyId="DemoLeadOwner1" enabled="Y"/>
    <UserLoginSecurityGroup groupId="VIEWADMIN" userLoginId="DemoLeadOwner1" fromDate="2001-05-13 00:00:00.000"/>

    <!-- Demo Leads -->
    <Party partyId="sfa102" partyTypeId="PARTY_GROUP" statusId="PARTY_ENABLED"/>
    <PartyGroup partyId="sfa102" groupName="A promising Lead Company"/>
    <PartyRole partyId="sfa102" roleTypeId="ACCOUNT_LEAD"/>
    <PartyRole partyId="sfa102" roleTypeId="_NA_"/>
    <PartyStatus partyId="sfa102" statusId="PARTY_ENABLED" statusDate="2001-01-01 12:00:00.0"/>
    <Party partyId="sfa101" partyTypeId="PERSON" statusId="PARTY_ENABLED"/>
    <Person partyId="sfa101" firstName="John" lastName="Lead"/>
    <PartyRole partyId="sfa101" roleTypeId="_NA_"/>
    <PartyRole partyId="sfa101" roleTypeId="LEAD"/>
    <PartyStatus partyId="sfa101" statusId="PARTY_ENABLED" statusDate="2001-01-01 12:00:00.0"/>
    <!-- company to lead relationship -->
    <PartyRelationship partyIdFrom="sfa102" roleTypeIdFrom="ACCOUNT_LEAD" partyIdTo="sfa101" roleTypeIdTo="LEAD" fromDate="2000-01-01 00:00:00.000" partyRelationshipTypeId="EMPLOYMENT"/>
    <!-- owner to lead relationship -->
    <PartyRelationship partyIdFrom="DemoLeadOwner" roleTypeIdFrom="OWNER" partyIdTo="sfa101" roleTypeIdTo="LEAD" fromDate="2000-01-01 00:00:00.000" partyRelationshipTypeId="LEAD_OWNER"/>
    <ContactMech contactMechId="sfa103" contactMechTypeId="EMAIL_ADDRESS" infoString="ofbiztestLead@example.com"/>
    <PartyContactMech partyId="sfa101" contactMechId="sfa103" fromDate="2000-01-01 00:00:00.000"/>
    <PartyContactMechPurpose partyId="sfa101" contactMechId="sfa103" contactMechPurposeTypeId="PRIMARY_EMAIL" fromDate="2000-01-01 00:00:00.000"/>
    <!-- Status Valid Change   -->
    <StatusValidChange statusId="PARTY_ENABLED" statusIdTo="LEAD_CONVERTED" transitionName="Convert Lead To Contact"/>
    <StatusValidChange statusId="LEAD_CONVERTED" statusIdTo="PARTY_DISABLED" transitionName="Disabled"/>

    <Party partyId="DemoLead" partyTypeId="PERSON" statusId="PARTY_ENABLED"/>
    <Person partyId="DemoLead" firstName="Demo" lastName="Lead"/>
    <PartyRole partyId="DemoLead" roleTypeId="_NA_"/>
    <PartyRole partyId="DemoLead" roleTypeId="LEAD"/>
    <PartyStatus partyId="DemoLead" statusId="PARTY_ENABLED" statusDate="2001-01-01 12:00:00.0"/>

    <Party partyId="DemoLead1" partyTypeId="PERSON" statusId="PARTY_ENABLED"/>
    <Person partyId="DemoLead1" firstName="Demo" lastName="Lead1"/>
    <PartyRole partyId="DemoLead1" roleTypeId="_NA_"/>
    <PartyRole partyId="DemoLead1" roleTypeId="LEAD"/>
    <PartyStatus partyId="DemoLead1" statusId="PARTY_ENABLED" statusDate="2001-01-01 12:00:00.0"/>

    <Party partyId="DemoLead2" partyTypeId="PERSON" statusId="PARTY_ENABLED"/>
    <Person partyId="DemoLead2" firstName="Demo" lastName="Lead2"/>
    <PartyRole partyId="DemoLead2" roleTypeId="_NA_"/>
    <PartyRole partyId="DemoLead2" roleTypeId="LEAD"/>
    <PartyStatus partyId="DemoLead2" statusId="PARTY_ENABLED" statusDate="2001-01-01 12:00:00.0"/>

    <Party partyId="DemoLead3" partyTypeId="PERSON" statusId="PARTY_ENABLED"/>
    <Person partyId="DemoLead3" firstName="Demo" lastName="Lead3"/>
    <PartyRole partyId="DemoLead3" roleTypeId="_NA_"/>
    <PartyRole partyId="DemoLead3" roleTypeId="LEAD"/>
    <PartyStatus partyId="DemoLead3" statusId="PARTY_ENABLED" statusDate="2001-01-01 12:00:00.0"/>

    <Party partyId="DemoLead4" partyTypeId="PERSON" statusId="PARTY_ENABLED"/>
    <Person partyId="DemoLead4" firstName="Demo" lastName="Lead4"/>
    <PartyRole partyId="DemoLead4" roleTypeId="_NA_"/>
    <PartyRole partyId="DemoLead4" roleTypeId="LEAD"/>
    <PartyStatus partyId="DemoLead4" statusId="PARTY_ENABLED" statusDate="2001-01-01 12:00:00.0"/>

    <!-- Lead Owners Team -->
    <Party partyId="DemoLeadOwnersGroup" partyTypeId="TEAM" statusId="PARTY_ENABLED"/>
    <PartyGroup partyId="DemoLeadOwnersGroup" groupName="A Group of Lead Owners"/>
    <PartyRole partyId="DemoLeadOwnersGroup" roleTypeId="_NA_"/>
    <PartyRole partyId="DemoLeadOwnersGroup" roleTypeId="OTHER_ORGANIZATION_U"/>
    <PartyStatus partyId="DemoLeadOwnersGroup" statusId="PARTY_ENABLED" statusDate="2001-01-01 12:00:00.0"/>
    <PartyRelationship partyIdFrom="Company" partyIdTo="DemoLeadOwnersGroup" partyRelationshipTypeId="GROUP_ROLLUP" roleTypeIdFrom="_NA_" roleTypeIdTo="_NA_" fromDate="2001-05-13 00:00:00.000"/>

    <!-- Leads of DemoLeadOwner -->
    <PartyRelationship partyIdFrom="DemoLeadOwner" roleTypeIdFrom="OWNER" partyIdTo="DemoLead" roleTypeIdTo="LEAD" fromDate="2001-05-13 00:00:00.000" partyRelationshipTypeId="LEAD_OWNER"/>
    <PartyRelationship partyIdFrom="DemoLeadOwner" roleTypeIdFrom="OWNER" partyIdTo="DemoLead1" roleTypeIdTo="LEAD" fromDate="2001-05-13 00:00:00.000" partyRelationshipTypeId="LEAD_OWNER"/>
    <PartyRelationship partyIdFrom="DemoLeadOwner" roleTypeIdFrom="OWNER" partyIdTo="DemoLead2" roleTypeIdTo="LEAD" fromDate="2001-05-13 00:00:00.000" partyRelationshipTypeId="LEAD_OWNER"/>

    <!-- Leads of DemoLeadOwner1 -->
    <PartyRelationship partyIdFrom="DemoLeadOwner1" roleTypeIdFrom="OWNER" partyIdTo="DemoLead3" roleTypeIdTo="LEAD" fromDate="2001-05-13 00:00:00.000" partyRelationshipTypeId="LEAD_OWNER"/>
    <PartyRelationship partyIdFrom="DemoLeadOwner1" roleTypeIdFrom="OWNER" partyIdTo="DemoLead4" roleTypeIdTo="LEAD" fromDate="2001-05-13 00:00:00.000" partyRelationshipTypeId="LEAD_OWNER"/>

    <PartyRelationship partyIdFrom="DemoLeadOwnersGroup" roleTypeIdFrom="OTHER_ORGANIZATION_U" partyIdTo="DemoLeadOwner" roleTypeIdTo="OWNER" fromDate="2001-05-13 00:00:00.000" partyRelationshipTypeId="LEAD_OWN_GRP_MEMBER"/>
    <PartyRelationship partyIdFrom="DemoLeadOwnersGroup" roleTypeIdFrom="OTHER_ORGANIZATION_U" partyIdTo="DemoLeadOwner1" roleTypeIdTo="OWNER" fromDate="2001-05-13 00:00:00.000" partyRelationshipTypeId="LEAD_OWN_GRP_MEMBER"/>

    <SalesOpportunityStage opportunityStageId="SOSTG_PROSPECT" description="Prospect" defaultProbability="0.050000" sequenceNum="1"/>
    <SalesOpportunityStage opportunityStageId="SOSTG_PROPOSAL" description="Proposal" defaultProbability="0.200000" sequenceNum="2"/>
    <SalesOpportunityStage opportunityStageId="SOSTG_QUOTED" description="Quoted" defaultProbability="0.400000" sequenceNum="3"/>
    <SalesOpportunityStage opportunityStageId="SOSTG_CLOSED" description="Closed" defaultProbability="1.000000" sequenceNum="4"/>

    <Enumeration enumId="SLSOPP_ECOMMERCE" enumTypeId="SLSOPP_TYP_ENUM" description="Ecommerce"/>
    <Enumeration enumId="SLSOPP_ERP" enumTypeId="SLSOPP_TYP_ENUM" description="ERP"/>
    <Enumeration enumId="SLSOPP_INSTALL" enumTypeId="SLSOPP_TYP_ENUM" description="Installation"/>
    <Enumeration enumId="SLSOPP_CUSTM" enumTypeId="SLSOPP_TYP_ENUM" description="Customization"/>
    <Enumeration enumId="SLSOPP_SUPPORT" enumTypeId="SLSOPP_TYP_ENUM" description="Support plan"/>

    <!-- demo data from the ecommerce plugin -->
    <MarketingCampaign marketingCampaignId="FirstMarkCamp" statusId="MKTG_CAMP_INPROGRESS" campaignName="My First Marketing Campaign" campaignSummary="This campaign is the first of the Company. It will be the parent campaign of 'My Second Marketing Campaign'." budgetedCost="10000.00" actualCost="8900.00" estimatedCost="10000.00" currencyUomId="USD" fromDate="2016-07-22 00:00:00.0" thruDate="2016-07-30 00:00:00.0" isActive="Y" convertedLeads="15" expectedResponsePercent="33.0" expectedRevenue="25000.00" numSent="1000" startDate="2016-07-23 00:00:00.0"/>
    <MarketingCampaign marketingCampaignId="SecondMarkCamp" parentCampaignId="FirstMarkCamp" statusId="MKTG_CAMP_PLANNED" campaignName="My Second Marketing Campaing" campaignSummary="This is the next step of 'My First Marketing Campaing'." budgetedCost="20000.00" actualCost="22000.00" estimatedCost="20000.00" currencyUomId="USD" fromDate="2016-07-31 00:00:00.0" thruDate="2016-08-31 00:00:00.0" isActive="Y" expectedResponsePercent="50.0" expectedRevenue="50000.00" numSent="2000" startDate="2016-07-31 00:00:00.0"/>
    <MarketingCampaign marketingCampaignId="SmallCampaign1" statusId="MKTG_CAMP_PLANNED" campaignName="A small campaign" campaignSummary="This is a little marketing campaign." budgetedCost="500.00" actualCost="470.00" estimatedCost="400.00" currencyUomId="USD" fromDate="2016-07-28 00:00:00.0" thruDate="2016-08-30 00:00:00.0" isActive="Y" expectedResponsePercent="75.0" expectedRevenue="1000.00" numSent="100" startDate="2016-07-29 00:00:00.0"/>
    <MarketingCampaign marketingCampaignId="SmallCampaign2" statusId="MKTG_CAMP_PLANNED" campaignName="Another small campaign" campaignSummary="This is another little marketing campaign." budgetedCost="200.00" actualCost="200.00" estimatedCost="200.00" currencyUomId="USD" fromDate="2016-08-02 00:00:00.0" thruDate="2016-08-03 00:00:00.0" isActive="Y" expectedResponsePercent="80.0" expectedRevenue="500.00" numSent="75" startDate="2016-08-02 00:00:00.0"/>
    <MarketingCampaign marketingCampaignId="BigCampaign" statusId="MKTG_CAMP_PLANNED" campaignName="A large marketing campaign" campaignSummary="This is a large marketing campaign." budgetedCost="150000.00" actualCost="180000.00" estimatedCost="175000.00" currencyUomId="USD" fromDate="2016-09-01 00:00:00.0" thruDate="2016-11-01 00:00:00.0" isActive="Y" expectedResponsePercent="66.0" expectedRevenue="200000.00" numSent="1000000" startDate="2016-08-02 00:00:00.0"/>
    <MarketingCampaign marketingCampaignId="OnlineCampaign" statusId="MKTG_CAMP_APPROVED" campaignName="An online campaign" campaignSummary="This is a marketing campaign done online. A form is displayed to customer, the results will undergo furthre analysis." budgetedCost="250.00" actualCost="250.00" currencyUomId="USD" fromDate="2016-08-05 00:00:00.0" thruDate="2016-08-10 00:00:00.0" isActive="Y" expectedResponsePercent="20.0" startDate="2016-08-06 00:00:00.0"/>
    <MarketingCampaign marketingCampaignId="PosterCampaign" statusId="MKTG_CAMP_CANCELLED" campaignName="A campaign with Poster" campaignSummary="This is campaign with poster to display in the town." estimatedCost="75000.00" currencyUomId="USD" fromDate="2016-10-01 00:00:00.0" thruDate="2016-11-01 00:00:00.0" isActive="Y" expectedResponsePercent="12.5" expectedRevenue="20000.00" numSent="10" startDate="2016-10-01 00:00:00.0"/>
    <MarketingCampaign marketingCampaignId="VendorCampaign" statusId="MKTG_CAMP_PLANNED" campaignName="Vendor will do the campaign" campaignSummary="Vendors are to promote a product of their choice when successfully selling a good." budgetedCost="0.00" actualCost="120.00" estimatedCost="0.00" currencyUomId="USD" fromDate="2016-08-01 00:00:00.0" thruDate="2016-12-31 00:00:00.0" isActive="Y" expectedResponsePercent="40.0" startDate="2016-09-01 00:00:00.0"/>
    <MarketingCampaign marketingCampaignId="SocialMediaCamp" statusId="MKTG_CAMP_INPROGRESS" campaignName="Social Media Campaign" campaignSummary="This campaign uses the social media to promote our products." budgetedCost="10000.00" estimatedCost="10000.00" currencyUomId="USD" fromDate="2016-07-01 00:00:00.0" isActive="Y" expectedResponsePercent="7.0" startDate="2016-07-10 00:00:00.0"/>
    <MarketingCampaign marketingCampaignId="CatchWord" statusId="MKTG_CAMP_COMPLETED" campaignName="CatchWord" campaignSummary="This campaign will try our new CatchWord." budgetedCost="50000.00" actualCost="60000.00" estimatedCost="55000.00" currencyUomId="USD" fromDate="2016-06-01 00:00:00.0" thruDate="2016-07-30 00:00:00.0" isActive="Y" convertedLeads="10000" expectedResponsePercent="33.0" startDate="2016-06-05 00:00:00.0"/>
    <MarketingCampaign marketingCampaignId="SearchEngineHelp" statusId="MKTG_CAMP_PLANNED" campaignName="Improve Search Engine visibility" campaignSummary="This campaign aims to improve the visibility of our internet website by boosting the website rank in some Seach Engine." budgetedCost="30000.00" estimatedCost="30000.00" currencyUomId="USD" fromDate="2016-12-01 00:00:00.0" thruDate="2016-12-31 00:00:00.0" isActive="Y" expectedRevenue="100000.00" startDate="2016-12-02 00:00:00.0"/>
    <MarketingCampaign marketingCampaignId="9000" statusId="MKTG_CAMP_INPROGRESS" parentCampaignId="" campaignName="eCommerce Site Internal Campaign" campaignSummary=""/>

    <ContactList contactListId="9000" contactListTypeId="ANNOUNCEMENT" contactMechTypeId="EMAIL_ADDRESS" marketingCampaignId="9000"
        contactListName="New Product Announcements" description="New Product Announcements Mailing List (email)" comments="" isPublic="Y" ownerPartyId="Company"
        verifyEmailFrom="ofbiztest@example.com" verifyEmailScreen="component://ecommerce/widget/EmailContactListScreens.xml#ContactListVerifyEmail"
        verifyEmailSubject="Subscription Verify Email" verifyEmailWebSiteId="WebStore"/>
    <ContactList contactListId="9010" contactListTypeId="NEWSLETTER" contactMechTypeId="EMAIL_ADDRESS" marketingCampaignId="9000"
        contactListName="Product Tips Newsletter" description="Product Tips Newsletter Mailing List (email)" comments="" isPublic="Y" ownerPartyId="Company"
        verifyEmailFrom="ofbiztest@example.com" verifyEmailScreen="component://ecommerce/widget/EmailContactListScreens.xml#ContactListVerifyEmail"
        verifyEmailSubject="Subscription Verify Email" verifyEmailWebSiteId="WebStore"/>

    <ContactListParty contactListId="9000" partyId="DemoCustCompany" preferredContactMechId="9021" statusId="CLPT_ACCEPTED" fromDate="2001-05-13 00:00:00"/>
    <ContactListParty contactListId="9000" partyId="DemoCustAgent" preferredContactMechId="9023" statusId="CLPT_ACCEPTED" fromDate="2001-05-13 00:00:00"/>
    <ContactListParty contactListId="9000" partyId="DemoCustomer" preferredContactMechId="9026" statusId="CLPT_ACCEPTED" fromDate="2001-05-13 00:00:00"/>

    <!-- some sample affiliate and tracking codes for marketing campaigns -->
    <MarketingCampaign statusId="MKTG_CAMP_INPROGRESS" marketingCampaignId="9001" campaignName="Pay Per Click Advertising"/>
    <MarketingCampaign statusId="MKTG_CAMP_INPROGRESS" marketingCampaignId="9002" campaignName="Affiliate Sites"/>

    <!-- tracking codes are used in URLs to track specific campaigns.  The lifetimes are defined in seconds -->
    <TrackingCode trackingCodeId="9000" trackingCodeTypeId="EXTERNAL" description ="PPC Campaign 1" marketingCampaignId="9001" trackableLifetime="2592000" billableLifetime="2592000"/>
    <TrackingCode trackingCodeId="9001" trackingCodeTypeId="EXTERNAL" description ="PPC Campaign 2" marketingCampaignId="9001" trackableLifetime="2592000" billableLifetime="2592000"/>
    <TrackingCode trackingCodeId="9002" trackingCodeTypeId="EXTERNAL" description ="PPC Campaign 3" marketingCampaignId="9001" trackableLifetime="2592000" billableLifetime="2592000"/>

    <TrackingCode trackingCodeId="9010" trackingCodeTypeId="EXTERNAL" description ="Affiliate 1" marketingCampaignId="9002" trackableLifetime="2592000" billableLifetime="2592000"/>
    <TrackingCode trackingCodeId="9011" trackingCodeTypeId="EXTERNAL" description ="Affiliate 2" marketingCampaignId="9002" trackableLifetime="2592000" billableLifetime="2592000"/>
    <TrackingCode trackingCodeId="9012" trackingCodeTypeId="EXTERNAL" description ="Affiliate 3" marketingCampaignId="9002" trackableLifetime="2592000" billableLifetime="2592000"/>

    <!-- Demo WebSiteContactList -->
    <WebSiteContactList webSiteId="WebStore" contactListId="9000" fromDate="2011-08-16 17:15:20.0"/>
    <WebSiteContactList webSiteId="WebStore" contactListId="9010" fromDate="2011-08-16 17:15:20.0"/>

    <SalesForecast currencyUomId="USD" forecastAmount="1000000.00" internalPartyId="SALES" organizationPartyId="Company" salesForecastId="1000"/>
    <SalesForecastDetail amount="100000.00" productId="WG-9943" salesForecastDetailId="00001" salesForecastId="1000"/>
    <SalesForecast currencyUomId="EUR" forecastAmount="20000.00" internalPartyId="DemoRepAll" organizationPartyId="EuroCustomer" salesForecastId="2000"/>
    <SalesForecastDetail amount="20000.00" productCategoryId="SERV-001" salesForecastDetailId="00001" salesForecastId="2000"/>
</entity-engine-xml>
