<?xml version="1.0" encoding="UTF-8"?>
<!--
Licensed to the Apache Software Foundation (ASF) under one
or more contributor license agreements.  See the NOTICE file
distributed with this work for additional information
regarding copyright ownership.  The ASF licenses this file
to you under the Apache License, Version 2.0 (the
"License"); you may not use this file except in compliance
with the License.  You may obtain a copy of the License at

http://www.apache.org/licenses/LICENSE-2.0

Unless required by applicable law or agreed to in writing,
software distributed under the License is distributed on an
"AS IS" BASIS, WITHOUT WARRANTIES OR CONDITIONS OF ANY
KIND, either express or implied.  See the License for the
specific language governing permissions and limitations
under the License.
-->

<entity-engine-xml>
    <!-- Catalog Manager security -->
    <SecurityGroup description="Limited Catalog Admin group, has limited catalog permissions." groupId="CATALOGADMIN_LTD" groupName="Catalog Admin (Limited)"/>
    <SecurityGroupPermission fromDate="2001-05-13 12:00:00.0" groupId="CATALOGADMIN_LTD" permissionId="CATALOG_VIEW"/>
    <SecurityGroupPermission fromDate="2001-05-13 12:00:00.0" groupId="CATALOGADMIN_LTD" permissionId="CATALOG_ROLE_CREATE"/>
    <SecurityGroupPermission fromDate="2001-05-13 12:00:00.0" groupId="CATALOGADMIN_LTD" permissionId="CATALOG_ROLE_UPDATE"/>
    <SecurityGroupPermission fromDate="2001-05-13 12:00:00.0" groupId="CATALOGADMIN_LTD" permissionId="CATALOG_ROLE_DELETE"/>
    <SecurityGroupPermission fromDate="2001-05-13 12:00:00.0" groupId="CATALOGADMIN_LTD" permissionId="OFBTOOLS_VIEW"/>

    <SecurityGroup description="Catalog Admin group, has all catalog permissions." groupId="CATALOGADMIN" groupName="Catalog Admin"/>
    <SecurityGroupPermission fromDate="2001-05-13 12:00:00.0" groupId="CATALOGADMIN" permissionId="CATALOG_ADMIN"/>
    <SecurityGroupPermission fromDate="2001-05-13 12:00:00.0" groupId="CATALOGADMIN" permissionId="CATALOG_PRICE_MAINT"/>
    <SecurityGroupPermission fromDate="2001-05-13 12:00:00.0" groupId="CATALOGADMIN" permissionId="OFBTOOLS_VIEW"/>
    <!-- NOTE DEJ20070810 where did this come from? has duplicate ID of that above: <SecurityGroup description="Catalog Admin View and Purchase Allow Products" groupId="CATALOGADMIN"/> -->

    <SecurityGroupPermission fromDate="2001-05-13 12:00:00.0" groupId="FLEXADMIN" permissionId="CATALOG_VIEW_ALLOW"/>
    <SecurityGroupPermission fromDate="2001-05-13 12:00:00.0" groupId="FLEXADMIN" permissionId="CATALOG_PURCHASE_ALLOW"/>

    <SecurityGroupPermission fromDate="2001-05-13 12:00:00.0" groupId="FULLADMIN" permissionId="CATALOG_ADMIN"/>
    <SecurityGroupPermission fromDate="2001-05-13 12:00:00.0" groupId="FULLADMIN" permissionId="CATALOG_PRICE_MAINT"/>
    <SecurityGroupPermission fromDate="2001-05-13 12:00:00.0" groupId="FULLADMIN" permissionId="CATALOG_VIEW_ALLOW"/>
    <SecurityGroupPermission fromDate="2001-05-13 12:00:00.0" groupId="FULLADMIN" permissionId="CATALOG_PURCHASE_ALLOW"/>

    <SecurityGroupPermission fromDate="2001-05-13 12:00:00.0" groupId="FLEXADMIN" permissionId="CATALOG_CREATE"/>
    <SecurityGroupPermission fromDate="2001-05-13 12:00:00.0" groupId="FLEXADMIN" permissionId="CATALOG_DELETE"/>
    <SecurityGroupPermission fromDate="2001-05-13 12:00:00.0" groupId="FLEXADMIN" permissionId="CATALOG_UPDATE"/>
    <SecurityGroupPermission fromDate="2001-05-13 12:00:00.0" groupId="FLEXADMIN" permissionId="CATALOG_VIEW"/>
    <SecurityGroupPermission fromDate="2001-05-13 12:00:00.0" groupId="FLEXADMIN" permissionId="CATALOG_PRICE_MAINT"/>
    <SecurityGroupPermission fromDate="2001-05-13 12:00:00.0" groupId="FLEXADMIN" permissionId="CATALOG_VIEW_ALLOW"/>
    <SecurityGroupPermission fromDate="2001-05-13 12:00:00.0" groupId="FLEXADMIN" permissionId="CATALOG_PURCHASE_ALLOW"/>

    <SecurityGroupPermission fromDate="2001-05-13 12:00:00.0" groupId="VIEWADMIN" permissionId="CATALOG_VIEW"/>
    <SecurityGroupPermission fromDate="2001-05-13 12:00:00.0" groupId="BIZADMIN" permissionId="CATALOG_ADMIN"/>
    <SecurityGroupPermission fromDate="2001-05-13 12:00:00.0" groupId="BIZADMIN" permissionId="CATALOG_PRICE_MAINT"/>

    <!-- Image Management security -->
    <SecurityGroup description="Image Management Admin." groupId="IMAGEADMIN" groupName="Image Admin"/>
    <SecurityGroupPermission fromDate="2001-05-13 12:00:00.0" groupId="IMAGEADMIN" permissionId="IMAGE_MANAGEMENT_ADMIN"/>
    <SecurityGroupPermission fromDate="2001-05-13 12:00:00.0" groupId="IMAGEADMIN" permissionId="IMAGE_MANAGEMENT_APPROVE"/>
    <SecurityGroupPermission fromDate="2001-05-13 12:00:00.0" groupId="IMAGEADMIN" permissionId="IMAGE_MANAGEMENT_UPLOAD"/>
    <SecurityGroupPermission fromDate="2001-05-13 12:00:00.0" groupId="FULLADMIN" permissionId="IMAGE_MANAGEMENT_ADMIN"/>

    <SecurityGroup description="Image Management Approve" groupId="IMAGEAPPROVE" groupName="Image Approve"/>
    <SecurityGroupPermission fromDate="2001-05-13 12:00:00.0" groupId="IMAGEAPPROVE" permissionId="IMAGE_MANAGEMENT_APPROVE"/>

    <SecurityGroup description="Image Management Upload." groupId="IMAGEUPLOAD" groupName="Image Load"/>
    <SecurityGroupPermission fromDate="2001-05-13 12:00:00.0" groupId="IMAGEUPLOAD" permissionId="IMAGE_MANAGEMENT_UPLOAD"/>

    <!-- Facility Security Group Demo Data -->
    <!-- Facility Manager security -->
    <SecurityGroupPermission fromDate="2001-05-13 12:00:00.0" groupId="FULLADMIN" permissionId="FACILITY_ADMIN"/>
    <SecurityGroupPermission fromDate="2001-05-13 12:00:00.0" groupId="FLEXADMIN" permissionId="FACILITY_CREATE"/>
    <SecurityGroupPermission fromDate="2001-05-13 12:00:00.0" groupId="FLEXADMIN" permissionId="FACILITY_DELETE"/>
    <SecurityGroupPermission fromDate="2001-05-13 12:00:00.0" groupId="FLEXADMIN" permissionId="FACILITY_UPDATE"/>
    <SecurityGroupPermission fromDate="2001-05-13 12:00:00.0" groupId="FLEXADMIN" permissionId="FACILITY_VIEW"/>
    <SecurityGroupPermission fromDate="2001-05-13 12:00:00.0" groupId="VIEWADMIN" permissionId="FACILITY_VIEW"/>
    <SecurityGroupPermission fromDate="2001-05-13 12:00:00.0" groupId="BIZADMIN" permissionId="FACILITY_ADMIN"/>

    <!-- Product Demo Data -->
    <Facility facilityId="WebStoreWarehouse" facilityTypeId="WAREHOUSE" facilityName="Web Store Warehouse"
              description="Warehouse exclusively for the Web Store " ownerPartyId="Company"
              defaultInventoryItemTypeId="NON_SERIAL_INV_ITEM" defaultWeightUomId="WT_lb" defaultDaysToShip="25" geoPointId="9000" facilityLevel="0"/>
    <Facility facilityId="RegionalWarehouse1" facilityTypeId="WAREHOUSE" facilityName="Regional Warehouse1" description="Warehouse exclusively for the Web Store " ownerPartyId="Company" defaultInventoryItemTypeId="NON_SERIAL_INV_ITEM" defaultWeightUomId="WT_lb" defaultDaysToShip="25" facilityLevel="1"/>
    <Facility facilityId="RegionalWarehouse2" facilityTypeId="WAREHOUSE" facilityName="Regional Warehouse2" description="Warehouse exclusively for the Web Store " ownerPartyId="Company" defaultInventoryItemTypeId="NON_SERIAL_INV_ITEM" defaultWeightUomId="WT_lb" defaultDaysToShip="25" facilityLevel="1"/>
    <Facility facilityId="StoreWarehouse1" facilityTypeId="WAREHOUSE" facilityName="Store Warehouse1" description="Warehouse exclusively for the Web Store " ownerPartyId="Company" defaultInventoryItemTypeId="NON_SERIAL_INV_ITEM" defaultWeightUomId="WT_lb" defaultDaysToShip="25" facilityLevel="2"/>
    <Facility facilityId="StoreWarehouse2" facilityTypeId="WAREHOUSE" facilityName="Store Warehouse2" description="Warehouse exclusively for the Web Store " ownerPartyId="Company" defaultInventoryItemTypeId="NON_SERIAL_INV_ITEM" defaultWeightUomId="WT_lb" defaultDaysToShip="25" facilityLevel="2"/>

    <!-- Limited user demo -->
    <UserLoginSecurityGroup groupId="CATALOGADMIN_LTD" userLoginId="ltdadmin" fromDate="2001-01-01 12:00:00.0"/>
    <UserLoginSecurityGroup groupId="CATALOGADMIN_LTD" userLoginId="ltdadmin1" fromDate="2001-01-01 12:00:00.0"/>

    <!-- Image Management user demo -->
    <Party partyId="imageAdmin" partyTypeId="PERSON" statusId="PARTY_ENABLED"/>
    <Person partyId="imageAdmin" firstName="Image Management" lastName="Administrator"/>
    <PartyStatus partyId="imageAdmin" statusId="PARTY_ENABLED" statusDate="2001-01-01 12:00:00.0"/>
    <UserLogin userLoginId="imageAdmin" partyId="imageAdmin" currentPassword="{SHA}47b56994cbc2b6d10aa1be30f70165adb305a41a"/>
    <UserLoginSecurityGroup userLoginId="imageAdmin" groupId="FULLADMIN" fromDate="2010-01-01 12:00:00.0"/>
    <UserLoginSecurityGroup userLoginId="imageAdmin" groupId="IMAGEADMIN" fromDate="2010-01-01 12:00:00.0"/>

    <Party partyId="imageApprove" partyTypeId="PERSON" statusId="PARTY_ENABLED"/>
    <Person partyId="imageApprove" firstName="Image Management" lastName="Approve"/>
    <PartyStatus partyId="imageApprove" statusId="PARTY_ENABLED" statusDate="2001-01-01 12:00:00.0"/>
    <UserLogin userLoginId="imageApprove" partyId="imageApprove" currentPassword="{SHA}47b56994cbc2b6d10aa1be30f70165adb305a41a"/>
    <UserLoginSecurityGroup userLoginId="imageApprove" groupId="FLEXADMIN" fromDate="2010-01-01 12:00:00.0"/>
    <UserLoginSecurityGroup userLoginId="imageApprove" groupId="IMAGEAPPROVE" fromDate="2010-01-01 12:00:00.0"/>

    <Party partyId="imageUpload" partyTypeId="PERSON" statusId="PARTY_ENABLED"/>
    <Person partyId="imageUpload" firstName="Image Management" lastName="Upload"/>
    <PartyStatus partyId="imageUpload" statusId="PARTY_ENABLED" statusDate="2001-01-01 12:00:00.0"/>
    <UserLogin userLoginId="imageUpload" partyId="imageUpload" currentPassword="{SHA}47b56994cbc2b6d10aa1be30f70165adb305a41a"/>
    <UserLoginSecurityGroup userLoginId="imageUpload" groupId="CATALOGADMIN" fromDate="2010-01-01 12:00:00.0"/>
    <UserLoginSecurityGroup userLoginId="imageUpload" groupId="IMAGEUPLOAD" fromDate="2010-01-01 12:00:00.0"/>

    <PartyRole partyId="admin" roleTypeId="IMAGEAPPROVER"/>
    <!-- Product store group management demo -->
    <ProductStoreGroupType productStoreGroupTypeId="PSGT_AREA" description="Area cover"/>

    <!-- PriceRule data -->
    <ProductPriceRule productPriceRuleId="PR4FC" ruleName="PR4FC" description="PriceRule 4 French Customer" isSale="Y" fromDate="2001-01-01 12:00:00.0"/>
    <ProductPriceCond inputParamEnumId="PRIP_PARTY_ID" operatorEnumId="PRC_EQ" condValue="EuroCustomer" productPriceCondSeqId="01" productPriceRuleId="PR4FC"/>
    <ProductPriceAction productPriceActionTypeId="PRICE_POD" productPriceActionSeqId="00001" productPriceRuleId="PR4FC" amount="98.000000"/>

    <ProductPriceRule productPriceRuleId="PR4PC" ruleName="PR4PC" description="PriceRule 4 Party Classification" isSale="Y" fromDate="2001-01-01 12:00:00.0"/>
    <ProductPriceCond productPriceRuleId="PR4PC" inputParamEnumId="PRIP_PARTY_CLASS" operatorEnumId="PRC_EQ" condValue="EMEA" productPriceCondSeqId="01"/>
    <ProductPriceAction productPriceRuleId="PR4PC" productPriceActionTypeId="PRICE_POD" productPriceActionSeqId="00001" amount="98.000000"/>

    <ProductPriceRule productPriceRuleId="PR4P" ruleName="PR4P" description="PriceRule 4 Product" isSale="Y" fromDate="2001-01-01 12:00:00.0"/>
    <ProductPriceCond productPriceRuleId="PR4P" inputParamEnumId="PRIP_PRODUCT_ID" operatorEnumId="PRC_EQ" condValue="FAJITA_BEEF" productPriceCondSeqId="01"/>
    <ProductPriceAction productPriceRuleId="PR4P" productPriceActionTypeId="PRICE_POD" productPriceActionSeqId="00001" amount="98.000000"/>

    <ProductPriceRule productPriceRuleId="PR4C" ruleName="PR4C" description="PriceRule 4 Category" isSale="Y" fromDate="2001-01-01 12:00:00.0"/>
    <ProductPriceCond productPriceRuleId="PR4C" inputParamEnumId="PRIP_PROD_CAT_ID" operatorEnumId="PRC_EQ" condValue="GB_LUGGAGE" productPriceCondSeqId="01"/>
    <ProductPriceAction productPriceRuleId="PR4C" productPriceActionTypeId="PRICE_POD" productPriceActionSeqId="00001" amount="98.000000"/>
    
</entity-engine-xml>
