<?xml version="1.0" encoding="UTF-8"?>
<!--
    Licensed to the Apache Software Foundation (ASF) under one
    or more contributor license agreements.  See the NOTICE file
    distributed with this work for additional information
    regarding copyright ownership.  The ASF licenses this file
    to you under the Apache License, Version 2.0 (the
    "License"); you may not use this file except in compliance
    with the License.  You may obtain a copy of the License at
    
    http://www.apache.org/licenses/LICENSE-2.0
    
    Unless required by applicable law or agreed to in writing,
    software distributed under the License is distributed on an
    "AS IS" BASIS, WITHOUT WARRANTIES OR CONDITIONS OF ANY
    KIND, either express or implied.  See the License for the
    specific language governing permissions and limitations
    under the License.
-->

<entity-engine-xml>
    <Party partyId="USPS" partyTypeId="PARTY_GROUP" statusId="PARTY_ENABLED"/>
    <Party partyId="UPS" partyTypeId="PARTY_GROUP" statusId="PARTY_ENABLED"/>
    <Party partyId="DHL" partyTypeId="PARTY_GROUP" statusId="PARTY_ENABLED"/>
    <Party partyId="FEDEX" partyTypeId="PARTY_GROUP" statusId="PARTY_ENABLED"/>

    <PartyGroup partyId="USPS" groupName="USPS"/>
    <PartyGroup partyId="UPS" groupName="UPS"/>
    <PartyGroup partyId="DHL" groupName="DHL"/>
    <PartyGroup partyId="FEDEX" groupName="Federal Express"/>

    <PartyRole partyId="USPS" roleTypeId="CARRIER"/>
    <PartyRole partyId="UPS" roleTypeId="CARRIER"/>
    <PartyRole partyId="DHL" roleTypeId="CARRIER"/>
    <PartyRole partyId="FEDEX" roleTypeId="CARRIER"/>

    <PartyStatus partyId="USPS" statusId="PARTY_ENABLED" statusDate="2001-01-01 12:00:00.0"/>
    <PartyStatus partyId="UPS" statusId="PARTY_ENABLED" statusDate="2001-01-01 12:00:00.0"/>
    <PartyStatus partyId="DHL" statusId="PARTY_ENABLED" statusDate="2001-01-01 12:00:00.0"/>
    <PartyStatus partyId="FEDEX" statusId="PARTY_ENABLED" statusDate="2001-01-01 12:00:00.0"/>
    <PartyStatus partyId="_NA_" statusId="PARTY_ENABLED" statusDate="2001-01-01 12:00:00.0"/>

    <ShipmentMethodType description="No Shipping" shipmentMethodTypeId="NO_SHIPPING"/>
    <ShipmentMethodType description="Local Delivery" shipmentMethodTypeId="LOCAL_DELIVERY"/>

    <ShipmentMethodType description="Next Morning" shipmentMethodTypeId="NEXT_AM"/>
    <ShipmentMethodType description="Next Afternoon" shipmentMethodTypeId="NEXT_PM"/>
    <ShipmentMethodType description="Same Day" shipmentMethodTypeId="SAME_DAY"/>
    <ShipmentMethodType description="Guaranteed Next Day" shipmentMethodTypeId="NEXT_DAY"/>
    <ShipmentMethodType description="Air" shipmentMethodTypeId="AIR"/>
    <ShipmentMethodType description="Third Day" shipmentMethodTypeId="THIRD_DAY"/>
    <ShipmentMethodType description="International Express" shipmentMethodTypeId="INT_EXPRESS"/>

    <ShipmentMethodType description="Priority Overnight" shipmentMethodTypeId="PR_OVERNIGHT"/>
    <ShipmentMethodType description="Standard Overnight" shipmentMethodTypeId="ST_OVERNIGHT"/>
    <ShipmentMethodType description="First Overnight" shipmentMethodTypeId="FI_OVERNIGHT"/>
    <ShipmentMethodType description="Second Day" shipmentMethodTypeId="SECOND_DAY"/>
    <ShipmentMethodType description="Express Saver" shipmentMethodTypeId="EXPRESS_SAVER"/>
    <ShipmentMethodType description="International Priority" shipmentMethodTypeId="INTERNAT_PRI"/>
    <ShipmentMethodType description="International Economy" shipmentMethodTypeId="INTERNAT_ECON"/>
    <ShipmentMethodType description="International First" shipmentMethodTypeId="INTERNAT_FI"/>
    <ShipmentMethodType description="1Day Freight" shipmentMethodTypeId="FIRST_DAY_FR"/>
    <ShipmentMethodType description="2Day Freight" shipmentMethodTypeId="SECOND_DAY_FR"/>
    <ShipmentMethodType description="3Day Freight" shipmentMethodTypeId="THIRD_DAY_FR"/>
    <ShipmentMethodType description="Ground" shipmentMethodTypeId="GROUND"/>
    <ShipmentMethodType description="Ground Home Delivery" shipmentMethodTypeId="GROUND_HOME"/>
    <ShipmentMethodType description="International Economy Freight" shipmentMethodTypeId="INTERNAT_ECON_FR"/>
    <ShipmentMethodType description="International Priority Freight" shipmentMethodTypeId="INTERNAT_PRI_FR"/>
    <ShipmentMethodType description="2Day AM" shipmentMethodTypeId="SECOND_DAY_AM"/>
    <ShipmentMethodType description="Europe First Priority" shipmentMethodTypeId="EUROPE_FI_PRIORITY"/>
    <ShipmentMethodType description="Smart Post" shipmentMethodTypeId="SMART_POST"/>
    <ShipmentMethodType description="Fedex National Freight" shipmentMethodTypeId="FEDEX_NATIONAL_FR"/>
    <ShipmentMethodType description="Fedex International Ground " shipmentMethodTypeId="FEDEX_INT_GROUND"/>
    <ShipmentMethodType description="Fedex Freight" shipmentMethodTypeId="FEDEX_FREIGHT"/>

    <ShipmentMethodType description="Three-Day Select" shipmentMethodTypeId="THIRD_DAY_AIR_SEL"/>
    <ShipmentMethodType description="Second Day Air" shipmentMethodTypeId="SECOND_DAY_AIR"/>
    <ShipmentMethodType description="Second Day Air Early A.M.  " shipmentMethodTypeId="SECOND_DAY_AIR_AM"/>
    <ShipmentMethodType description="Next Day Air Saver" shipmentMethodTypeId="NEXT_DAY_AIR_SA"/>
    <ShipmentMethodType description="Next Day Air" shipmentMethodTypeId="NEXT_DAY_AIR"/>
    <ShipmentMethodType description="Next Day Air Early A.M." shipmentMethodTypeId="NEXT_DAY_AIR_AM"/>
    <ShipmentMethodType description="Worldwide ExpressSM" shipmentMethodTypeId="WORLDWIDE_EXPRESS"/>
    <ShipmentMethodType description="Worldwide Express Plus" shipmentMethodTypeId="WORLDWIDE_EXPR_PLUS"/>
    <ShipmentMethodType description="Worldwide ExpeditedSM" shipmentMethodTypeId="WORLDWIDE_EXPEDITED"/>
    <ShipmentMethodType description="Saver" shipmentMethodTypeId="SAVER"/>

    <ShipmentMethodType description="First Class" shipmentMethodTypeId="FIRST_CLASS"/>
    <ShipmentMethodType description="First Class International" shipmentMethodTypeId="FC_INTERNATIONAL"/>
    <ShipmentMethodType description="Priority" shipmentMethodTypeId="PRIORITY"/>
    <ShipmentMethodType description="Priority International" shipmentMethodTypeId="PR_INTERNATIONAL"/>
    <ShipmentMethodType description="Express" shipmentMethodTypeId="EXPRESS"/>
    <ShipmentMethodType description="Express International" shipmentMethodTypeId="EXP_INTERNATIONAL"/>
    <ShipmentMethodType description="Media Mail" shipmentMethodTypeId="MEDIA_MAIL"/>
    <ShipmentMethodType description="Standard Post" shipmentMethodTypeId="STANDARD_POST"/>
    <ShipmentMethodType description="Library" shipmentMethodTypeId="LIBRARY"/>

    <ShipmentMethodType description="Express Saturday" shipmentMethodTypeId="EXP_SATURDAY"/>
    <ShipmentMethodType description="Express 10.30 AM" shipmentMethodTypeId="EXP_10_30_AM"/>

    <!-- Local options -->
    <CarrierShipmentMethod partyId="_NA_" roleTypeId="CARRIER" shipmentMethodTypeId="NO_SHIPPING" sequenceNumber="5"/>

    <!-- Fedex shipping options -->
    <CarrierShipmentMethod shipmentMethodTypeId="PR_OVERNIGHT" partyId="FEDEX" roleTypeId="CARRIER" sequenceNumber="01" carrierServiceCode="PRIORITYOVERNIGHT"/>
    <CarrierShipmentMethod shipmentMethodTypeId="ST_OVERNIGHT" partyId="FEDEX" roleTypeId="CARRIER" sequenceNumber="02" carrierServiceCode="STANDARDOVERNIGHT"/>
    <CarrierShipmentMethod shipmentMethodTypeId="FI_OVERNIGHT" partyId="FEDEX" roleTypeId="CARRIER" sequenceNumber="03" carrierServiceCode="FIRSTOVERNIGHT"/>
    <CarrierShipmentMethod shipmentMethodTypeId="SECOND_DAY" partyId="FEDEX" roleTypeId="CARRIER" sequenceNumber="04" carrierServiceCode="FEDEX2DAY"/>
    <CarrierShipmentMethod shipmentMethodTypeId="EXPRESS_SAVER" partyId="FEDEX" roleTypeId="CARRIER" sequenceNumber="05" carrierServiceCode="FEDEXEXPRESSSAVER"/>
    <CarrierShipmentMethod shipmentMethodTypeId="FIRST_DAY_FR" partyId="FEDEX" roleTypeId="CARRIER" sequenceNumber="06" carrierServiceCode="FEDEX1DAYFREIGHT"/>
    <CarrierShipmentMethod shipmentMethodTypeId="SECOND_DAY_FR" partyId="FEDEX" roleTypeId="CARRIER" sequenceNumber="07" carrierServiceCode="FEDEX2DAYFREIGHT"/>
    <CarrierShipmentMethod shipmentMethodTypeId="THIRD_DAY_FR" partyId="FEDEX" roleTypeId="CARRIER" sequenceNumber="08" carrierServiceCode="FEDEX3DAYFREIGHT"/>
    <CarrierShipmentMethod shipmentMethodTypeId="GROUND" partyId="FEDEX" roleTypeId="CARRIER" sequenceNumber="09" carrierServiceCode="FEDEXGROUND"/>
    <CarrierShipmentMethod shipmentMethodTypeId="GROUND_HOME" partyId="FEDEX" roleTypeId="CARRIER"  sequenceNumber="10" carrierServiceCode="GROUNDHOMEDELIVERY"/>
    <CarrierShipmentMethod shipmentMethodTypeId="SECOND_DAY_AM" partyId="FEDEX" roleTypeId="CARRIER" sequenceNumber="11" carrierServiceCode="SECONDDAYAM"/>
    <CarrierShipmentMethod shipmentMethodTypeId="SMART_POST" partyId="FEDEX" roleTypeId="CARRIER" sequenceNumber="12" carrierServiceCode="SMARTPOST"/>
    <CarrierShipmentMethod shipmentMethodTypeId="FEDEX_NATIONAL_FR" partyId="FEDEX" roleTypeId="CARRIER" sequenceNumber="13" carrierServiceCode="FEDEXNATIONALFREIGHT"/>
    <CarrierShipmentMethod shipmentMethodTypeId="FEDEX_FREIGHT" partyId="FEDEX" roleTypeId="CARRIER" sequenceNumber="14" carrierServiceCode="FEDEXFREIGHT"/>
    <CarrierShipmentMethod shipmentMethodTypeId="FEDEX_INT_GROUND" partyId="FEDEX" roleTypeId="CARRIER" sequenceNumber="15" carrierServiceCode="INTERNATIONALGROUND"/>
    <CarrierShipmentMethod shipmentMethodTypeId="INTERNAT_PRI" partyId="FEDEX" roleTypeId="CARRIER" sequenceNumber="16" carrierServiceCode="INTERNATIONALPRIORITY"/>
    <CarrierShipmentMethod shipmentMethodTypeId="INTERNAT_ECON" partyId="FEDEX" roleTypeId="CARRIER" sequenceNumber="17" carrierServiceCode="INTERNATIONALECONOMY"/>
    <CarrierShipmentMethod shipmentMethodTypeId="INTERNAT_FI" partyId="FEDEX" roleTypeId="CARRIER" sequenceNumber="18" carrierServiceCode="INTERNATIONALFIRST"/>
    <CarrierShipmentMethod shipmentMethodTypeId="INTERNAT_ECON_FR" partyId="FEDEX" roleTypeId="CARRIER" sequenceNumber="19" carrierServiceCode="INTERNATIONALECONOMYFREIGHT"/>
    <CarrierShipmentMethod shipmentMethodTypeId="INTERNAT_PRI_FR" partyId="FEDEX" roleTypeId="CARRIER" sequenceNumber="20" carrierServiceCode="INTERNATIONALPRIORITYFREIGHT"/>
    <CarrierShipmentMethod shipmentMethodTypeId="EUROPE_FI_PRIORITY" partyId="FEDEX" roleTypeId="CARRIER" sequenceNumber="21" carrierServiceCode="EUROPEFIRSTINTERNATIONALPRIORITY"/>
    <CarrierShipmentMethod shipmentMethodTypeId="NEXT_AM" partyId="FEDEX" roleTypeId="CARRIER" sequenceNumber="22" carrierServiceCode="FIRSTOVERNIGHT"/>
    <CarrierShipmentMethod shipmentMethodTypeId="NEXT_PM" partyId="FEDEX" roleTypeId="CARRIER" sequenceNumber="23" carrierServiceCode="STANDARDOVERNIGHT"/>
    <CarrierShipmentMethod shipmentMethodTypeId="SAME_DAY" partyId="FEDEX" roleTypeId="CARRIER" sequenceNumber="24" carrierServiceCode="SAMEDAY"/>
    <CarrierShipmentMethod shipmentMethodTypeId="NEXT_DAY" partyId="FEDEX" roleTypeId="CARRIER" sequenceNumber="25" carrierServiceCode="PRIORITYOVERNIGHT"/>

    <!-- UPS shipping options -->
    <CarrierShipmentMethod partyId="UPS" roleTypeId="CARRIER" shipmentMethodTypeId="STANDARD" sequenceNumber="01" carrierServiceCode="11"/>
    <CarrierShipmentMethod partyId="UPS" roleTypeId="CARRIER" shipmentMethodTypeId="THIRD_DAY_AIR_SEL" sequenceNumber="02" carrierServiceCode="12"/>
    <CarrierShipmentMethod partyId="UPS" roleTypeId="CARRIER" shipmentMethodTypeId="SECOND_DAY_AIR" sequenceNumber="03" carrierServiceCode="02"/>
    <CarrierShipmentMethod partyId="UPS" roleTypeId="CARRIER" shipmentMethodTypeId="SECOND_DAY_AIR_AM" sequenceNumber="04" carrierServiceCode="59"/>
    <CarrierShipmentMethod partyId="UPS" roleTypeId="CARRIER" shipmentMethodTypeId="NEXT_DAY_AIR_SA" sequenceNumber="05" carrierServiceCode="13"/>
    <CarrierShipmentMethod partyId="UPS" roleTypeId="CARRIER" shipmentMethodTypeId="NEXT_DAY_AIR" sequenceNumber="06" carrierServiceCode="01"/>
    <CarrierShipmentMethod partyId="UPS" roleTypeId="CARRIER" shipmentMethodTypeId="NEXT_DAY_AIR_AM" sequenceNumber="07" carrierServiceCode="14"/>
    <CarrierShipmentMethod partyId="UPS" roleTypeId="CARRIER" shipmentMethodTypeId="WORLDWIDE_EXPRESS" sequenceNumber="08" carrierServiceCode="07"/>
    <CarrierShipmentMethod partyId="UPS" roleTypeId="CARRIER" shipmentMethodTypeId="WORLDWIDE_EXPR_PLUS" sequenceNumber="09" carrierServiceCode="54"/>
    <CarrierShipmentMethod partyId="UPS" roleTypeId="CARRIER" shipmentMethodTypeId="WORLDWIDE_EXPEDITED" sequenceNumber="10" carrierServiceCode="08"/>
    <CarrierShipmentMethod partyId="UPS" roleTypeId="CARRIER" shipmentMethodTypeId="SAVER" sequenceNumber="11" carrierServiceCode="65"/>
    <CarrierShipmentMethod partyId="UPS" roleTypeId="CARRIER" shipmentMethodTypeId="GROUND" sequenceNumber="12" carrierServiceCode="03"/>
    <CarrierShipmentMethod partyId="UPS" roleTypeId="CARRIER" shipmentMethodTypeId="AIR" sequenceNumber="13" carrierServiceCode="02"/>
    <CarrierShipmentMethod partyId="UPS" roleTypeId="CARRIER" shipmentMethodTypeId="THIRD_DAY" sequenceNumber="14" carrierServiceCode="THIRDDAY"/>
    <!-- End of UPS Data -->

    <!-- USPS Data -->
    <!-- For USPS, only certain container types are allowed for rate estimates of Priority or Express service codes -->
    <CarrierShipmentMethod partyId="USPS" roleTypeId="CARRIER" shipmentMethodTypeId="STANDARD" sequenceNumber="7" carrierServiceCode="Parcel"/>
    <CarrierShipmentMethod shipmentMethodTypeId="FIRST_CLASS" partyId="USPS" roleTypeId="CARRIER" sequenceNumber="01" carrierServiceCode="FIRST CLASS"/>
    <CarrierShipmentMethod shipmentMethodTypeId="FC_INTERNATIONAL" partyId="USPS" roleTypeId="CARRIER" sequenceNumber="02" carrierServiceCode="FIRST CLASS"/>
    <CarrierShipmentMethod shipmentMethodTypeId="PRIORITY" partyId="USPS" roleTypeId="CARRIER" sequenceNumber="03" carrierServiceCode="PRIORITY"/>
    <CarrierShipmentMethod shipmentMethodTypeId="PR_INTERNATIONAL" partyId="USPS" roleTypeId="CARRIER" sequenceNumber="04" carrierServiceCode="PRIORITY"/>
    <CarrierShipmentMethod shipmentMethodTypeId="EXPRESS" partyId="USPS" roleTypeId="CARRIER" sequenceNumber="05" carrierServiceCode="EXPRESS"/>
    <CarrierShipmentMethod shipmentMethodTypeId="EXP_INTERNATIONAL" partyId="USPS" roleTypeId="CARRIER" sequenceNumber="06" carrierServiceCode="EXPRESS"/>
    <CarrierShipmentMethod shipmentMethodTypeId="MEDIA_MAIL" partyId="FEDEX" roleTypeId="CARRIER" sequenceNumber="07" carrierServiceCode="MEDIA"/>
    <CarrierShipmentMethod shipmentMethodTypeId="STANDARD_POST" partyId="FEDEX" roleTypeId="CARRIER" sequenceNumber="08" carrierServiceCode="STANDARD POST"/>
    <CarrierShipmentMethod shipmentMethodTypeId="LIBRARY" partyId="FEDEX" roleTypeId="CARRIER" sequenceNumber="09" carrierServiceCode="LIBRARY"/>
    <CarrierShipmentMethod shipmentMethodTypeId="INT_EXPRESS" partyId="USPS" roleTypeId="CARRIER" sequenceNumber="10" carrierServiceCode="INTEXPRESS"/>
    <!-- End of USPS Data-->

    <!-- DHL shipping options -->
    <CarrierShipmentMethod partyId="DHL" roleTypeId="CARRIER" shipmentMethodTypeId="INT_EXPRESS" sequenceNumber="1" carrierServiceCode="IE"/>
    <CarrierShipmentMethod partyId="DHL" roleTypeId="CARRIER" shipmentMethodTypeId="EXP_SATURDAY" sequenceNumber="2" carrierServiceCode="E SAT"/>
    <CarrierShipmentMethod partyId="DHL" roleTypeId="CARRIER" shipmentMethodTypeId="EXP_10_30_AM" sequenceNumber="3" carrierServiceCode="E 10.30 AM"/>
    <CarrierShipmentMethod partyId="DHL" roleTypeId="CARRIER" shipmentMethodTypeId="EXPRESS" sequenceNumber="4" carrierServiceCode="E"/>
    <CarrierShipmentMethod partyId="DHL" roleTypeId="CARRIER" shipmentMethodTypeId="NEXT_PM" sequenceNumber="5" carrierServiceCode="N"/>
    <CarrierShipmentMethod partyId="DHL" roleTypeId="CARRIER" shipmentMethodTypeId="SECOND_DAY" sequenceNumber="6" carrierServiceCode="S"/>
    <CarrierShipmentMethod partyId="DHL" roleTypeId="CARRIER" shipmentMethodTypeId="GROUND" sequenceNumber="7" carrierServiceCode="G"/>
    <!-- End of DHL Data-->

    <QuantityBreak fromQuantity="0.0" quantityBreakId="9000" quantityBreakTypeId="SHIP_WEIGHT" thruQuantity="0.0"/>
    <QuantityBreak fromQuantity="0.0" quantityBreakId="9001" quantityBreakTypeId="SHIP_WEIGHT" thruQuantity="0.0"/>
    <QuantityBreak fromQuantity="0.0" quantityBreakId="9002" quantityBreakTypeId="SHIP_WEIGHT" thruQuantity="0.0"/>
    <QuantityBreak fromQuantity="0.0" quantityBreakId="9003" quantityBreakTypeId="SHIP_WEIGHT" thruQuantity="0.0"/>
    <QuantityBreak fromQuantity="0.0" quantityBreakId="9004" quantityBreakTypeId="SHIP_WEIGHT" thruQuantity="0.0"/>
    <QuantityBreak fromQuantity="0.0" quantityBreakId="9005" quantityBreakTypeId="SHIP_WEIGHT" thruQuantity="0.0"/>
    <QuantityBreak fromQuantity="0.0" quantityBreakId="9006" quantityBreakTypeId="SHIP_WEIGHT" thruQuantity="0.0"/>
    
    <ShipmentBoxType shipmentBoxTypeId="FXENV" description="FedEx Envelope" dimensionUomId="LEN_in" boxLength="9.5" boxWidth="12.5" boxHeight="0"/>
    <ShipmentBoxType shipmentBoxTypeId="FXENV_LGL" description="FedEx Envelope (Legal)" dimensionUomId="LEN_in" boxLength="10" boxWidth="15.75" boxHeight="0"/>
    <ShipmentBoxType shipmentBoxTypeId="FXPAK_SM" description="FedEx Pak (Small)" dimensionUomId="LEN_in" boxLength="10.25" boxWidth="12.75" boxHeight="0"/>
    <ShipmentBoxType shipmentBoxTypeId="FXPAK_LRG" description="FedEx Pak (Large)" dimensionUomId="LEN_in" boxLength="12" boxWidth="15.5" boxHeight="0"/>
    <ShipmentBoxType shipmentBoxTypeId="FXBOX_SM" description="FedEx Box (Small)" dimensionUomId="LEN_in" boxLength="12.25" boxWidth="10.875" boxHeight="1.5"/>
    <ShipmentBoxType shipmentBoxTypeId="FXBOX_MED" description="FedEx Box (Medium)" dimensionUomId="LEN_in" boxLength="13.25" boxWidth="11.5" boxHeight="2.375"/>
    <ShipmentBoxType shipmentBoxTypeId="FXBOX_LRG" description="FedEx Box (Large)" dimensionUomId="LEN_in" boxLength="17.875" boxWidth="12.375" boxHeight="3"/>
    <ShipmentBoxType shipmentBoxTypeId="FXTUBE" description="FedEx Tube" dimensionUomId="LEN_in" boxLength="38" boxWidth="6" boxHeight="5.2"/>
    <ShipmentBoxType shipmentBoxTypeId="FX10KGBOX" description="FedEx 10KG Box" dimensionUomId="LEN_in" boxLength="15.8125" boxWidth="12.9375" boxHeight="10.1875"/>
    <ShipmentBoxType shipmentBoxTypeId="FX25KGBOX" description="FedEx 25KG Box" dimensionUomId="LEN_in" boxLength="21.5625" boxWidth="16.5625" boxHeight="13.1875"/>
    <ShipmentBoxType shipmentBoxTypeId="YOURPACKNG" description="Your Packaging" dimensionUomId="LEN_in" boxLength="15" boxWidth="10" boxHeight="5"/>
    
    <CarrierShipmentBoxType shipmentBoxTypeId="FXENV" partyId="FEDEX" packagingTypeCode="FEDEXENVELOPE"/>
    <CarrierShipmentBoxType shipmentBoxTypeId="FXENV_LGL" partyId="FEDEX" packagingTypeCode="FEDEXENVELOPE"/>
    <CarrierShipmentBoxType shipmentBoxTypeId="FXPAK_SM" partyId="FEDEX" packagingTypeCode="FEDEXPAK"/>
    <CarrierShipmentBoxType shipmentBoxTypeId="FXPAK_LRG" partyId="FEDEX" packagingTypeCode="FEDEXPAK"/>
    <CarrierShipmentBoxType shipmentBoxTypeId="FXBOX_SM" partyId="FEDEX" packagingTypeCode="FEDEXBOX"/>
    <CarrierShipmentBoxType shipmentBoxTypeId="FXBOX_MED" partyId="FEDEX" packagingTypeCode="FEDEXBOX"/>
    <CarrierShipmentBoxType shipmentBoxTypeId="FXBOX_LRG" partyId="FEDEX" packagingTypeCode="FEDEXBOX"/>
    <CarrierShipmentBoxType shipmentBoxTypeId="FXTUBE" partyId="FEDEX" packagingTypeCode="FEDEXTUBE"/>
    <CarrierShipmentBoxType shipmentBoxTypeId="FX10KGBOX" partyId="FEDEX" packagingTypeCode="FEDEX10KGBOX"/>
    <CarrierShipmentBoxType shipmentBoxTypeId="FX25KGBOX" partyId="FEDEX" packagingTypeCode="FEDEX25KGBOX"/>
    <CarrierShipmentBoxType shipmentBoxTypeId="YOURPACKNG" partyId="FEDEX" packagingTypeCode="YOURPACKAGING"/>
</entity-engine-xml>
