<?xml version="1.0" encoding="UTF-8"?>
<!--
Licensed to the Apache Software Foundation (ASF) under one
or more contributor license agreements.  See the NOTICE file
distributed with this work for additional information
regarding copyright ownership.  The ASF licenses this file
to you under the Apache License, Version 2.0 (the
"License"); you may not use this file except in compliance
with the License.  You may obtain a copy of the License at

http://www.apache.org/licenses/LICENSE-2.0

Unless required by applicable law or agreed to in writing,
software distributed under the License is distributed on an
"AS IS" BASIS, WITHOUT WARRANTIES OR CONDITIONS OF ANY
KIND, either express or implied.  See the License for the
specific language governing permissions and limitations
under the License.
-->

<entitymodel xmlns:xsi="http://www.w3.org/2001/XMLSchema-instance"
    xsi:noNamespaceSchemaLocation="https://ofbiz.apache.org/dtds/entitymodel.xsd">
    <title>Entity of an Apache OFBiz Component</title>
    <description>None</description>
    <version>1.0</version>

<!-- not sure if we should use the NoteData entity for this however at the moment it is doing fine... -->
  <extend-entity entity-name="NoteData">
    <field name="moreInfoUrl" type="value"><description>url to go to the related screen in the system</description></field>
    <field name="moreInfoItemId" type="value"><description>The id of the item to be displayed i.e. custRequestId, commEventId etc</description></field>
    <field name="moreInfoItemName" type="value"><description>The name of the item to be displayed i.e. custRequestId, commEventId etc</description></field>
    <index name="systemInfo" unique="false"><!-- to be able to select the SYSTEMNOTE records quickly -->
      <index-field name="noteName"/>
    </index>
  </extend-entity>

</entitymodel>
