<?xml version="1.0" encoding="UTF-8"?>
<!--
Licensed to the Apache Software Foundation (ASF) under one
or more contributor license agreements.  See the NOTICE file
distributed with this work for additional information
regarding copyright ownership.  The ASF licenses this file
to you under the Apache License, Version 2.0 (the
"License"); you may not use this file except in compliance
with the License.  You may obtain a copy of the License at

http://www.apache.org/licenses/LICENSE-2.0

Unless required by applicable law or agreed to in writing,
software distributed under the License is distributed on an
"AS IS" BASIS, WITHOUT WARRANTIES OR CONDITIONS OF ANY
KIND, either express or implied.  See the License for the
specific language governing permissions and limitations
under the License.
-->

<entitymodel xmlns:xsi="http://www.w3.org/2001/XMLSchema-instance"
    xsi:noNamespaceSchemaLocation="https://ofbiz.apache.org/dtds/entitymodel.xsd">
  <!-- ========================================================= -->
  <!-- ======================== Defaults ======================= -->
  <!-- ========================================================= -->
    <title>Entity of an Apache OFBiz Component</title>
    <description>None</description>
    <version>1.0</version>

  <!-- ========================================================= -->
  <!-- ======================== Data Model ===================== -->
  <!-- The modules in this file are as follows:                  -->
  <!--  - org.apache.ofbiz.shipment.issuance -->
  <!--  - org.apache.ofbiz.shipment.picklist -->
  <!--  - org.apache.ofbiz.shipment.receipt -->
  <!--  - org.apache.ofbiz.shipment.shipment -->
  <!-- ========================================================= -->


  <!-- ========================================================= -->
  <!-- org.apache.ofbiz.shipment.issuance -->
  <!-- ========================================================= -->

    <entity entity-name="ItemIssuance"
            package-name="org.apache.ofbiz.shipment.issuance"
            title="Item Issuance">
      <field name="itemIssuanceId" type="id"></field>
      <field name="orderId" type="id"></field>
      <field name="orderItemSeqId" type="id"></field>
      <field name="shipGroupSeqId" type="id"></field>
      <field name="inventoryItemId" type="id"></field>
      <field name="shipmentId" type="id"></field>
      <field name="shipmentItemSeqId" type="id"></field>
      <field name="fixedAssetId" type="id"></field>
      <field name="maintHistSeqId" type="id"></field>
      <field name="issuedDateTime" type="date-time"></field>
      <field name="issuedByUserLoginId" type="id-vlong"></field>
      <field name="quantity" type="fixed-point"></field>
      <field name="cancelQuantity" type="fixed-point"></field>
      <prim-key field="itemIssuanceId"/>
      <relation type="one" fk-name="ITEM_ISS_INVITM" rel-entity-name="InventoryItem">
        <key-map field-name="inventoryItemId"/>
      </relation>
      <relation type="one-nofk" rel-entity-name="OrderItemShipGrpInvRes">
        <key-map field-name="orderId"/>
        <key-map field-name="orderItemSeqId"/>
        <key-map field-name="shipGroupSeqId"/>
        <key-map field-name="inventoryItemId"/>
      </relation>
      <relation type="one-nofk" rel-entity-name="Shipment">
        <key-map field-name="shipmentId"/>
      </relation>
      <relation type="one" fk-name="ITEM_ISS_SHITM" rel-entity-name="ShipmentItem">
        <key-map field-name="shipmentId"/>
        <key-map field-name="shipmentItemSeqId"/>
      </relation>
      <relation type="one" fk-name="ITEM_ISS_FAMNT" rel-entity-name="FixedAssetMaint">
        <key-map field-name="fixedAssetId"/>
        <key-map field-name="maintHistSeqId"/>
      </relation>
      <relation type="one-nofk" rel-entity-name="OrderHeader">
        <key-map field-name="orderId"/>
      </relation>
      <relation type="one" fk-name="ITEM_ISS_ORITM" rel-entity-name="OrderItem">
        <key-map field-name="orderId"/>
        <key-map field-name="orderItemSeqId"/>
      </relation>
      <relation type="one" fk-name="ITEM_ISS_IBUL" title="IssuedBy" rel-entity-name="UserLogin">
        <key-map field-name="issuedByUserLoginId" rel-field-name="userLoginId"/>
      </relation>
    </entity>
    <view-entity entity-name="ItemIssuanceAndInventoryItem" package-name="org.apache.ofbiz.shipment.issuance">
        <member-entity entity-alias="IISS" entity-name="ItemIssuance"/>
        <member-entity entity-alias="IITM" entity-name="InventoryItem"/>
        <alias-all entity-alias="IISS"/>
        <alias entity-alias="IITM" name="inventoryItemId"/>
        <alias entity-alias="IITM" name="inventoryItemTypeId"/>
        <alias entity-alias="IITM" name="productId"/>
        <alias entity-alias="IITM" name="partyId"/>
        <alias entity-alias="IITM" name="ownerPartyId"/>
        <alias entity-alias="IITM" name="statusId"/>
        <alias entity-alias="IITM" name="datetimeReceived"/>
        <alias entity-alias="IITM" name="datetimeManufactured"/>
        <alias entity-alias="IITM" name="expireDate"/>
        <alias entity-alias="IITM" name="facilityId"/>
        <alias entity-alias="IITM" name="containerId"/>
        <alias entity-alias="IITM" name="lotId"/>
        <alias entity-alias="IITM" name="uomId"/>
        <alias entity-alias="IITM" name="binNumber"/>
        <alias entity-alias="IITM" name="locationSeqId"/>
        <alias entity-alias="IITM" name="comments"/>
        <alias entity-alias="IITM" name="quantityOnHandTotal"/>
        <alias entity-alias="IITM" name="availableToPromiseTotal"/>
        <alias entity-alias="IITM" name="accountingQuantityTotal"/>
        <alias entity-alias="IITM" name="serialNumber"/>
        <alias entity-alias="IITM" name="softIdentifier"/>
        <alias entity-alias="IITM" name="activationNumber"/>
        <alias entity-alias="IITM" name="activationValidThru"/>
        <alias entity-alias="IITM" name="unitCost"/>
        <alias entity-alias="IITM" name="currencyUomId"/>
        <alias entity-alias="IITM" name="inventoryItemFixedAssetId" field="fixedAssetId"/>
        <view-link entity-alias="IISS" rel-entity-alias="IITM">
          <key-map field-name="inventoryItemId"/>
        </view-link>
    </view-entity>
    <entity entity-name="ItemIssuanceRole"
            package-name="org.apache.ofbiz.shipment.issuance"
            title="Item Issuance Role">
      <field name="itemIssuanceId" type="id"></field>
      <field name="partyId" type="id"></field>
      <field name="roleTypeId" type="id"></field>
      <prim-key field="itemIssuanceId"/>
      <prim-key field="partyId"/>
      <prim-key field="roleTypeId"/>
      <relation type="one" fk-name="ITEM_ISSRL_ITMIS" rel-entity-name="ItemIssuance">
        <key-map field-name="itemIssuanceId"/>
      </relation>
      <relation type="one" fk-name="ITEM_ISSRL_PTY" rel-entity-name="Party">
        <key-map field-name="partyId"/>
      </relation>
      <relation type="one" fk-name="ITEM_ISSRL_PTRL" rel-entity-name="PartyRole">
        <key-map field-name="partyId"/>
        <key-map field-name="roleTypeId"/>
      </relation>
    </entity>

  <!-- ========================================================= -->
  <!-- org.apache.ofbiz.shipment.picklist -->
  <!-- ========================================================= -->

    <entity entity-name="Picklist"
            package-name="org.apache.ofbiz.shipment.picklist"
            title="Picklist">
      <field name="picklistId" type="id"></field>
      <field name="description" type="description"></field>
      <field name="facilityId" type="id"></field>
      <field name="shipmentMethodTypeId" type="id"></field>
      <field name="statusId" type="id"></field>
      <field name="picklistDate" type="date-time"></field>
      <field name="createdDate" type="date-time"/>
      <field name="createdByUserLogin" type="id-vlong"/>
      <field name="lastModifiedDate" type="date-time"/>
      <field name="lastModifiedByUserLogin" type="id-vlong"/>
      <prim-key field="picklistId"/>
      <relation type="one" fk-name="PICKLST_FLTY" rel-entity-name="Facility">
        <key-map field-name="facilityId"/>
      </relation>
      <relation type="one" fk-name="PICKLST_SMTP" rel-entity-name="ShipmentMethodType">
        <key-map field-name="shipmentMethodTypeId"/>
      </relation>
      <relation type="one" fk-name="PICKLST_STTS" rel-entity-name="StatusItem">
        <key-map field-name="statusId"/>
      </relation>
      <relation type="many" rel-entity-name="StatusValidChangeToDetail">
        <key-map field-name="statusId"/>
      </relation>
    </entity>
    <view-entity entity-name="PicklistAndBinAndItem"
            package-name="org.apache.ofbiz.shipment.picklist"
            title="Picklist and PicklistBin and PicklistItem View">
      <member-entity entity-alias="PL" entity-name="Picklist"/>
      <member-entity entity-alias="PLB" entity-name="PicklistBin"/>
      <member-entity entity-alias="PLI" entity-name="PicklistItem"/>
      <alias-all entity-alias="PL"/>
      <alias-all entity-alias="PLB"/>
      <alias-all entity-alias="PLI"/>
      <view-link entity-alias="PL" rel-entity-alias="PLB">
        <key-map field-name="picklistId"/>
      </view-link>
      <view-link entity-alias="PLB" rel-entity-alias="PLI">
        <key-map field-name="picklistBinId"/>
      </view-link>
    </view-entity>
    <view-entity entity-name="PicklistAndBin"
                 package-name="org.apache.ofbiz.shipment.picklist"
                 title="Picklist and PicklistBin View">
      <member-entity entity-alias="PL" entity-name="Picklist"/>
      <member-entity entity-alias="PLB" entity-name="PicklistBin"/>
      <alias-all entity-alias="PL"/>
      <alias-all entity-alias="PLB"/>
      <view-link entity-alias="PL" rel-entity-alias="PLB">
        <key-map field-name="picklistId"/>
      </view-link>
    </view-entity>
    <entity entity-name="PicklistBin"
            package-name="org.apache.ofbiz.shipment.picklist"
            title="Picklist">
      <!-- The PicklistBin has its own ID to make it easy to put on the pack sheet of the picklist as a barcode, also so it can be moved to another picklist or bin location if necessary -->
      <field name="picklistBinId" type="id"></field>
      <field name="picklistId" type="id"></field>
      <field name="binLocationNumber" type="numeric"></field>
      <field name="primaryOrderId" type="id"></field>
      <field name="primaryShipGroupSeqId" type="id"></field>
      <prim-key field="picklistBinId"/>
      <relation type="one" fk-name="PCKLST_BIN_PKLT" rel-entity-name="Picklist">
        <key-map field-name="picklistId"/>
      </relation>
      <relation type="one" fk-name="PCKLST_BIN_OISG" title="Primary" rel-entity-name="OrderItemShipGroup">
        <key-map field-name="primaryOrderId" rel-field-name="orderId"/>
        <key-map field-name="primaryShipGroupSeqId" rel-field-name="shipGroupSeqId"/>
      </relation>
      <relation type="one-nofk" title="Primary" rel-entity-name="OrderHeader">
        <key-map field-name="primaryOrderId" rel-field-name="orderId"/>
      </relation>
    </entity>
    <entity entity-name="PicklistItem"
            package-name="org.apache.ofbiz.shipment.picklist"
            title="Picklist">
      <field name="picklistBinId" type="id"></field>
      <field name="orderId" type="id"></field>
      <field name="orderItemSeqId" type="id"></field>
      <field name="shipGroupSeqId" type="id"></field>
      <field name="inventoryItemId" type="id"></field>
      <field name="itemStatusId" type="id"></field>
      <field name="quantity" type="fixed-point"></field>
      <prim-key field="picklistBinId"/>
      <prim-key field="orderId"/>
      <prim-key field="orderItemSeqId"/>
      <prim-key field="shipGroupSeqId"/>
      <prim-key field="inventoryItemId"/>
      <relation type="one" fk-name="PCKLST_ITM_BIN" rel-entity-name="PicklistBin">
        <key-map field-name="picklistBinId"/>
      </relation>
      <relation type="one" fk-name="PCKLST_ITM_OISG" rel-entity-name="OrderItemShipGroup">
        <key-map field-name="orderId"/>
        <key-map field-name="shipGroupSeqId"/>
      </relation>
      <relation type="one" fk-name="PCKLST_ITM_ODIT" rel-entity-name="OrderItem">
        <key-map field-name="orderId"/>
        <key-map field-name="orderItemSeqId"/>
      </relation>
      <relation type="one-nofk" rel-entity-name="OrderHeader">
        <key-map field-name="orderId"/>
      </relation>
      <relation type="one" fk-name="PICKLST_ITM_STTS" rel-entity-name="StatusItem">
        <key-map field-name="itemStatusId" rel-field-name="statusId"/>
      </relation>
      <relation type="one" fk-name="PCKLST_ITM_INV" rel-entity-name="InventoryItem">
        <key-map field-name="inventoryItemId"/>
      </relation>
      <relation type="one-nofk" rel-entity-name="InventoryItemAndLocation">
        <key-map field-name="inventoryItemId"/>
      </relation>
      <relation type="one-nofk" rel-entity-name="OrderItemShipGrpInvRes">
        <!-- This is a nofk so that the OrderItemShipGrpInvRes can be removed -->
        <key-map field-name="orderId"/>
        <key-map field-name="orderItemSeqId"/>
        <key-map field-name="shipGroupSeqId"/>
        <key-map field-name="inventoryItemId"/>
      </relation>
      <relation type="many" rel-entity-name="ItemIssuance">
        <key-map field-name="orderId"/>
        <key-map field-name="orderItemSeqId"/>
        <key-map field-name="shipGroupSeqId"/>
        <key-map field-name="inventoryItemId"/>
      </relation>
    </entity>
    <view-entity entity-name="PicklistItemAndBin"
                 package-name="org.apache.ofbiz.shipment.picklist"
                 title="Picklist Item and Bin View">
      <member-entity entity-alias="PB" entity-name="PicklistBin"/>
      <member-entity entity-alias="PIM" entity-name="PicklistItem"/>
      <alias-all entity-alias="PB"/>
      <alias-all entity-alias="PIM"/>
      <view-link entity-alias="PB" rel-entity-alias="PIM">
        <key-map field-name="picklistBinId"/>
      </view-link>
    </view-entity>
    <entity entity-name="PicklistRole"
            package-name="org.apache.ofbiz.shipment.picklist"
            title="Picklist Role">
      <field name="picklistId" type="id"></field>
      <field name="partyId" type="id"></field>
      <field name="roleTypeId" type="id"></field>
      <field name="fromDate" type="date-time"></field>
      <field name="thruDate" type="date-time"></field>
      <field name="createdByUserLogin" type="id-vlong"></field>
      <field name="lastModifiedByUserLogin" type="id-vlong"></field>
      <prim-key field="picklistId"/>
      <prim-key field="partyId"/>
      <prim-key field="roleTypeId"/>
      <prim-key field="fromDate"/>
      <relation type="one" fk-name="PCKLST_RLE_PKLT" rel-entity-name="Picklist">
        <key-map field-name="picklistId"/>
      </relation>
      <relation type="one" fk-name="PCKLST_RLE_PRLE" rel-entity-name="PartyRole">
        <key-map field-name="partyId"/>
        <key-map field-name="roleTypeId"/>
      </relation>
      <relation type="one-nofk" rel-entity-name="RoleType">
        <key-map field-name="roleTypeId"/>
      </relation>
      <relation type="one-nofk" rel-entity-name="PartyNameView">
        <key-map field-name="partyId"/>
      </relation>
      <relation type="one" fk-name="PCKLST_RLE_CBUL" title="CreatedBy" rel-entity-name="UserLogin">
        <key-map field-name="createdByUserLogin" rel-field-name="userLoginId"/>
      </relation>
      <relation type="one" fk-name="PCKLST_RLE_LMUL" title="LastModifiedBy" rel-entity-name="UserLogin">
        <key-map field-name="lastModifiedByUserLogin" rel-field-name="userLoginId"/>
      </relation>
    </entity>
    <entity entity-name="OldPicklistStatusHistory" table-name="PICKLIST_STATUS_HISTORY"
            package-name="org.apache.ofbiz.shipment.picklist"
            title="Picklist Status History">
      <description>Deprecated since branch release: Upcoming branch. Use PicklistStatus instead</description>
      <field name="picklistId" type="id"></field>
      <field name="changeDate" type="date-time"></field>
      <field name="changeUserLoginId" type="id-vlong"></field>
      <field name="statusId" type="id"></field>
      <field name="statusIdTo" type="id"></field>
      <prim-key field="picklistId"/>
      <prim-key field="changeDate"/>
      <relation type="one" fk-name="PCKLST_STHST_PKLT" rel-entity-name="Picklist">
        <key-map field-name="picklistId"/>
      </relation>
      <relation type="one" fk-name="PCKLST_STHST_CUL" title="Change" rel-entity-name="UserLogin">
        <key-map field-name="changeUserLoginId" rel-field-name="userLoginId"/>
      </relation>
      <relation type="one" fk-name="PCKLST_STHST_FSI" rel-entity-name="StatusItem">
        <key-map field-name="statusId"/>
      </relation>
      <relation type="one" fk-name="PCKLST_STHST_TSI" title="To" rel-entity-name="StatusItem">
        <key-map field-name="statusIdTo" rel-field-name="statusId"/>
      </relation>
      <relation type="one" fk-name="PCKLST_STHST_SVC" rel-entity-name="StatusValidChange">
        <!-- NOTE: may want to consider removing this foreign key to allow for some sort of administrative over-ride, but in the mean-time this is a good constraint to keep data in-line -->
        <key-map field-name="statusId"/>
        <key-map field-name="statusIdTo"/>
      </relation>
    </entity>

    <entity entity-name="PicklistStatus"
            package-name="org.apache.ofbiz.shipment.picklist"
            title="Picklist Status History">
        <field name="picklistId" type="id"/>
        <field name="statusDate" type="date-time"/>
        <field name="changeByUserLoginId" type="id-vlong"/>
        <field name="statusId" type="id"/>
        <field name="statusIdTo" type="id"/>
        <prim-key field="picklistId"/>
        <prim-key field="statusDate"/>
        <relation type="one" fk-name="PCKLST_STST_PKLT" rel-entity-name="Picklist">
            <key-map field-name="picklistId"/>
        </relation>
        <relation type="one" fk-name="PCKLST_STST_CUL" title="Change" rel-entity-name="UserLogin">
            <key-map field-name="changeByUserLoginId" rel-field-name="userLoginId"/>
        </relation>
        <relation type="one" fk-name="PCKLST_STST_FSI" rel-entity-name="StatusItem">
            <key-map field-name="statusId"/>
        </relation>
        <relation type="one" fk-name="PCKLST_STST_TSI" title="To" rel-entity-name="StatusItem">
            <key-map field-name="statusIdTo" rel-field-name="statusId"/>
        </relation>
    </entity>

  <!-- ========================================================= -->
  <!-- org.apache.ofbiz.shipment.receipt -->
  <!-- ========================================================= -->

    <entity entity-name="RejectionReason"
            package-name="org.apache.ofbiz.shipment.receipt"
            default-resource-name="ProductEntityLabels"
            title="Rejection Reason">
      <field name="rejectionId" type="id"></field>
      <field name="description" type="description"></field>
      <prim-key field="rejectionId"/>
    </entity>
    <entity entity-name="ShipmentReceipt"
            package-name="org.apache.ofbiz.shipment.receipt"
            title="Shipment Receipt">
      <field name="receiptId" type="id"></field>
      <field name="inventoryItemId" type="id"></field>
      <field name="productId" type="id"></field>
      <field name="shipmentId" type="id"></field>
      <field name="shipmentItemSeqId" type="id"></field>
      <field name="shipmentPackageSeqId" type="id"></field>
      <field name="orderId" type="id"></field>
      <field name="orderItemSeqId" type="id"></field>
      <field name="returnId" type="id"></field>
      <field name="returnItemSeqId" type="id"></field>
      <field name="rejectionId" type="id"></field>
      <field name="receivedByUserLoginId" type="id-vlong"></field>
      <field name="datetimeReceived" type="date-time"></field>
      <field name="itemDescription" type="description"></field>
      <field name="quantityAccepted" type="fixed-point"></field>
      <field name="quantityRejected" type="fixed-point"></field>
      <prim-key field="receiptId"/>
      <relation type="one" fk-name="SHP_RCPT_INVITM" rel-entity-name="InventoryItem">
        <key-map field-name="inventoryItemId"/>
      </relation>
      <relation type="one" fk-name="SHP_RCPT_PROD" rel-entity-name="Product">
        <key-map field-name="productId"/>
      </relation>
      <relation type="one" fk-name="SHP_RCPT_SHPKG" rel-entity-name="ShipmentPackage">
        <key-map field-name="shipmentId"/>
        <key-map field-name="shipmentPackageSeqId"/>
      </relation>
      <relation type="one-nofk" rel-entity-name="OrderHeader">
        <key-map field-name="orderId"/>
      </relation>
      <relation type="one" fk-name="SHP_RCPT_ORDITM" rel-entity-name="OrderItem">
        <key-map field-name="orderId"/>
        <key-map field-name="orderItemSeqId"/>
      </relation>
      <relation type="one" fk-name="SHP_RCPT_REJRSN" rel-entity-name="RejectionReason">
        <key-map field-name="rejectionId"/>
      </relation>
      <relation type="one" fk-name="SHP_RCPT_USERLGN" rel-entity-name="UserLogin">
        <key-map field-name="receivedByUserLoginId" rel-field-name="userLoginId"/>
      </relation>
      <relation type="one-nofk" fk-name="SHP_RCPT_SHIPMT" rel-entity-name="Shipment">
        <key-map field-name="shipmentId"/>
      </relation>
        <relation type="one-nofk" fk-name="SHP_RCPT_SHIPIT" rel-entity-name="ShipmentItem">
          <key-map field-name="shipmentId"/>
          <key-map field-name="shipmentItemSeqId"/>
        </relation>
      <relation type="one" fk-name="SHP_RCPT_RETINVITM" rel-entity-name="ReturnItem">
        <key-map field-name="returnId"/>
        <key-map field-name="returnItemSeqId"/>
      </relation>
    </entity>
    <entity entity-name="ShipmentReceiptRole"
            package-name="org.apache.ofbiz.shipment.receipt"
            title="Shipment Receipt Role">
      <field name="receiptId" type="id"></field>
      <field name="partyId" type="id"></field>
      <field name="roleTypeId" type="id"></field>
      <prim-key field="receiptId"/>
      <prim-key field="partyId"/>
      <prim-key field="roleTypeId"/>
      <relation type="one" fk-name="SHP_RCPTRL_RCPT" rel-entity-name="ShipmentReceipt">
        <key-map field-name="receiptId"/>
      </relation>
      <relation type="one" fk-name="SHP_RCPTRL_PTY" rel-entity-name="Party">
        <key-map field-name="partyId"/>
      </relation>
      <relation type="one" fk-name="SHP_RCPTRL_PTRL" rel-entity-name="PartyRole">
        <key-map field-name="partyId"/>
        <key-map field-name="roleTypeId"/>
      </relation>
    </entity>
    <view-entity entity-name="ShipmentReceiptAndItem"
            package-name="org.apache.ofbiz.shipment.shipment"
            title="ShipmentReceipt And Inventory Item View">
      <member-entity entity-alias="SR" entity-name="ShipmentReceipt"/>
      <member-entity entity-alias="II" entity-name="InventoryItem"/>
      <alias-all entity-alias="SR"/>
      <alias entity-alias="II" name="facilityId"/>
      <alias entity-alias="II" name="locationSeqId"/>
      <alias entity-alias="II" name="quantityOnHandTotal"/>
      <alias entity-alias="II" name="availableToPromiseTotal"/>
      <alias entity-alias="II" name="unitCost"/>
      <alias entity-alias="II" name="lotId"/>
      <view-link entity-alias="SR" rel-entity-alias="II">
        <key-map field-name="inventoryItemId"/>
      </view-link>
    </view-entity>

  <!-- ========================================================= -->
  <!-- org.apache.ofbiz.shipment.shipment -->
  <!-- ========================================================= -->

    <view-entity entity-name="CarrierAndShipmentMethod"
            package-name="org.apache.ofbiz.shipment.shipment"
            title="Carrier And Shipment Method Type View">
      <member-entity entity-alias="CS" entity-name="CarrierShipmentMethod"/>
      <member-entity entity-alias="SM" entity-name="ShipmentMethodType"/>
      <alias entity-alias="CS" name="shipmentMethodTypeId"/>
      <alias entity-alias="CS" name="partyId"/>
      <alias entity-alias="CS" name="roleTypeId"/>
      <alias entity-alias="CS" name="sequenceNumber"/>
      <alias entity-alias="SM" name="description"/>
      <view-link entity-alias="CS" rel-entity-alias="SM">
        <key-map field-name="shipmentMethodTypeId"/>
      </view-link>
    </view-entity>
    <entity entity-name="CarrierShipmentMethod"
            package-name="org.apache.ofbiz.shipment.shipment"
            title="Carrier Shipment Method">
      <field name="shipmentMethodTypeId" type="id"></field>
      <field name="partyId" type="id"></field>
      <field name="roleTypeId" type="id"></field>
      <field name="sequenceNumber" type="numeric"></field>
      <field name="carrierServiceCode" type="short-varchar"></field>
      <prim-key field="shipmentMethodTypeId"/>
      <prim-key field="partyId"/>
      <prim-key field="roleTypeId"/>
      <relation type="one" fk-name="CARR_SHMETH_TYPE" rel-entity-name="ShipmentMethodType">
        <key-map field-name="shipmentMethodTypeId"/>
      </relation>
      <relation type="one" fk-name="CARR_SHMETH_PARTY" rel-entity-name="Party">
        <key-map field-name="partyId"/>
      </relation>
      <relation type="one" fk-name="CARR_SHMETH_PROLE" rel-entity-name="PartyRole">
        <key-map field-name="partyId"/>
        <key-map field-name="roleTypeId"/>
      </relation>
    </entity>
    <entity entity-name="CarrierShipmentBoxType"
            package-name="org.apache.ofbiz.shipment.shipment"
            title="Carrier Shipment Method">
      <field name="shipmentBoxTypeId" type="id"></field>
      <field name="partyId" type="id"></field>
      <field name="packagingTypeCode" type="id"></field>
      <field name="oversizeCode" type="very-short"></field>
      <prim-key field="shipmentBoxTypeId"/>
      <prim-key field="partyId"/>
      <relation type="one" fk-name="CARR_SHBX_TYPE" rel-entity-name="ShipmentBoxType">
        <key-map field-name="shipmentBoxTypeId"/>
      </relation>
      <relation type="one" fk-name="CARR_SHBX_PARTY" rel-entity-name="Party">
        <key-map field-name="partyId"/>
      </relation>
    </entity>
    <entity entity-name="Delivery"
            package-name="org.apache.ofbiz.shipment.shipment"
            title="Delivery">
      <field name="deliveryId" type="id"></field>
      <field name="originFacilityId" type="id"></field>
      <field name="destFacilityId" type="id"></field>
      <field name="actualStartDate" type="date-time"></field>
      <field name="actualArrivalDate" type="date-time"></field>
      <field name="estimatedStartDate" type="date-time"></field>
      <field name="estimatedArrivalDate" type="date-time"></field>
      <field name="fixedAssetId" type="id"></field>
      <field name="startMileage" type="fixed-point"></field>
      <field name="endMileage" type="fixed-point"></field>
      <field name="fuelUsed" type="fixed-point"></field>
      <prim-key field="deliveryId"/>
      <relation type="one" fk-name="DELIV_FXAS" rel-entity-name="FixedAsset">
        <key-map field-name="fixedAssetId"/>
      </relation>
      <relation type="one" fk-name="DELIV_OFAC" title="Origin" rel-entity-name="Facility">
        <key-map field-name="originFacilityId" rel-field-name="facilityId"/>
      </relation>
      <relation type="one" fk-name="DELIV_DFAC" title="Dest" rel-entity-name="Facility">
        <key-map field-name="destFacilityId" rel-field-name="facilityId"/>
      </relation>
    </entity>
    <view-entity entity-name="OrderShipmentInfoSummary"
            package-name="org.apache.ofbiz.shipment.shipment"
            title="Order Shipment Information View">
      <description>This view is meant for getting all tracking information for all shipments associated with an order, it does not include information to determine which packages in a given shipment correspond to that order, or to determine what information applies to each line item of the order.</description>
      <member-entity entity-alias="II" entity-name="ItemIssuance"/>
      <member-entity entity-alias="SRS" entity-name="ShipmentRouteSegment"/>
      <member-entity entity-alias="SPRS" entity-name="ShipmentPackageRouteSeg"/>
      <alias entity-alias="II" name="orderId"/>
      <alias entity-alias="II" name="orderItemSeqId"/>
      <alias entity-alias="II" name="shipmentId"/>
      <alias entity-alias="II" name="shipGroupSeqId"/>
      <alias entity-alias="SRS" name="shipmentRouteSegmentId"/>
      <alias entity-alias="SRS" name="carrierPartyId"/>
      <alias entity-alias="SRS" name="actualStartDate"/>
      <alias entity-alias="SRS" name="shipmentMethodTypeId"/>
      <alias entity-alias="SPRS" name="shipmentPackageSeqId"/>
      <alias entity-alias="SPRS" name="trackingCode"/>
      <alias entity-alias="SPRS" name="boxNumber"/>
      <view-link entity-alias="II" rel-entity-alias="SRS">
        <key-map field-name="shipmentId"/>
      </view-link>
      <view-link entity-alias="SRS" rel-entity-alias="SPRS">
        <key-map field-name="shipmentId"/>
        <key-map field-name="shipmentRouteSegmentId"/>
      </view-link>
      <relation type="one-nofk" rel-entity-name="Shipment">
        <key-map field-name="shipmentId"/>
      </relation>
    </view-entity>
    <entity entity-name="Shipment"
            package-name="org.apache.ofbiz.shipment.shipment"
            title="Shipment">
      <field name="shipmentId" type="id"></field>
      <field name="shipmentTypeId" type="id"></field>
      <field name="statusId" type="id"></field>
      <field name="primaryOrderId" type="id"></field>
      <field name="primaryReturnId" type="id"></field>
      <field name="primaryShipGroupSeqId" type="id"></field>
      <field name="picklistBinId" type="id"></field>
      <field name="estimatedReadyDate" type="date-time"></field>
      <field name="estimatedShipDate" type="date-time"></field>
      <field name="estimatedShipWorkEffId" type="id"></field>
      <field name="estimatedArrivalDate" type="date-time"></field>
      <field name="estimatedArrivalWorkEffId" type="id"></field>
      <field name="latestCancelDate" type="date-time"></field>
      <field name="estimatedShipCost" type="currency-amount"></field>
      <field name="currencyUomId" type="id"></field>
      <field name="handlingInstructions" type="long-varchar"></field>
      <field name="originFacilityId" type="id"></field>
      <field name="destinationFacilityId" type="id"></field>
      <field name="originContactMechId" type="id"></field>
      <field name="originTelecomNumberId" type="id"></field>
      <field name="destinationContactMechId" type="id"></field>
      <field name="destinationTelecomNumberId" type="id"></field>
      <field name="partyIdTo" type="id"></field>
      <field name="partyIdFrom" type="id"></field>
      <field name="additionalShippingCharge" type="currency-amount"></field>
      <field name="addtlShippingChargeDesc" type="long-varchar"></field>
      <field name="createdDate" type="date-time"></field>
      <field name="createdByUserLogin" type="id-vlong"></field>
      <field name="lastModifiedDate" type="date-time"></field>
      <field name="lastModifiedByUserLogin" type="id-vlong"></field>
      <prim-key field="shipmentId"/>
      <relation type="one" fk-name="SHPMNT_TYPE" rel-entity-name="ShipmentType">
        <key-map field-name="shipmentTypeId"/>
      </relation>
      <relation type="one" fk-name="SHPMNT_STTS" rel-entity-name="StatusItem">
        <key-map field-name="statusId"/>
      </relation>
      <relation type="one" fk-name="SHPMNT_ESHWEFF" title="EstimatedShip" rel-entity-name="WorkEffort">
        <key-map field-name="estimatedShipWorkEffId" rel-field-name="workEffortId"/>
      </relation>
      <relation type="one" fk-name="SHPMNT_EARRWEFF" title="EstimatedArrival" rel-entity-name="WorkEffort">
        <key-map field-name="estimatedArrivalWorkEffId" rel-field-name="workEffortId"/>
      </relation>
      <relation type="one" fk-name="SHPMNT_CUOM" title="Currency" rel-entity-name="Uom">
        <key-map field-name="currencyUomId" rel-field-name="uomId"/>
      </relation>
      <relation type="one" fk-name="SHPMNT_OFAC" title="Origin" rel-entity-name="Facility">
        <key-map field-name="originFacilityId" rel-field-name="facilityId"/>
      </relation>
      <relation type="one" fk-name="SHPMNT_DFAC" title="Destination" rel-entity-name="Facility">
        <key-map field-name="destinationFacilityId" rel-field-name="facilityId"/>
      </relation>
      <relation type="one-nofk" title="Origin" rel-entity-name="ContactMech">
        <key-map field-name="originContactMechId" rel-field-name="contactMechId"/>
      </relation>
      <relation type="one-nofk" title="Dest" rel-entity-name="ContactMech">
        <key-map field-name="destinationContactMechId" rel-field-name="contactMechId"/>
      </relation>
      <relation type="one" fk-name="SHPMNT_OPAD" title="Origin" rel-entity-name="PostalAddress">
        <key-map field-name="originContactMechId" rel-field-name="contactMechId"/>
      </relation>
      <relation type="one" fk-name="SHPMNT_OTCN" title="Origin" rel-entity-name="TelecomNumber">
        <key-map field-name="originTelecomNumberId" rel-field-name="contactMechId"/>
      </relation>
      <relation type="one" fk-name="SHPMNT_DPAD" title="Destination" rel-entity-name="PostalAddress">
        <key-map field-name="destinationContactMechId" rel-field-name="contactMechId"/>
      </relation>
      <relation type="one" fk-name="SHPMNT_DTCN" title="Destination" rel-entity-name="TelecomNumber">
        <key-map field-name="destinationTelecomNumberId" rel-field-name="contactMechId"/>
      </relation>
      <relation type="one" fk-name="SHPMNT_PODR" title="Primary" rel-entity-name="OrderHeader">
        <key-map field-name="primaryOrderId" rel-field-name="orderId"/>
      </relation>
      <relation type="one" fk-name="SHPMNT_PRTNHDR" title="Primary" rel-entity-name="ReturnHeader">
        <key-map field-name="primaryReturnId" rel-field-name="returnId"/>
      </relation>
      <relation type="one" fk-name="SHPMNT_PKLSTBIN" rel-entity-name="PicklistBin">
          <key-map field-name="picklistBinId"/>
      </relation>
      <relation type="one-nofk" title="Primary" rel-entity-name="OrderItemShipGroup">
        <key-map field-name="primaryOrderId" rel-field-name="orderId"/>
        <key-map field-name="primaryShipGroupSeqId" rel-field-name="shipGroupSeqId"/>
      </relation>
      <relation type="many" rel-entity-name="ShipmentTypeAttr">
        <key-map field-name="shipmentTypeId"/>
      </relation>
      <relation type="one" fk-name="SHPMNT_PRTYTO" title="To" rel-entity-name="Party">
        <key-map field-name="partyIdTo" rel-field-name="partyId"/>
      </relation>
      <relation type="one-nofk" title="To" rel-entity-name="Person">
        <key-map field-name="partyIdTo" rel-field-name="partyId"/>
      </relation>
      <relation type="one-nofk" title="To" rel-entity-name="PartyGroup">
        <key-map field-name="partyIdTo" rel-field-name="partyId"/>
      </relation>
      <relation type="one" fk-name="SHPMNT_PRTYFM" title="From" rel-entity-name="Party">
        <key-map field-name="partyIdFrom" rel-field-name="partyId"/>
      </relation>
      <relation type="one-nofk" title="From" rel-entity-name="Person">
        <key-map field-name="partyIdFrom" rel-field-name="partyId"/>
      </relation>
      <relation type="one-nofk" title="From" rel-entity-name="PartyGroup">
        <key-map field-name="partyIdFrom" rel-field-name="partyId"/>
      </relation>
      <relation type="many" rel-entity-name="ShipmentManifestView">
        <key-map field-name="shipmentId"/>
      </relation>
    </entity>
    <view-entity entity-name="ShipmentAndItem"
            package-name="org.apache.ofbiz.shipment.shipment"
            title="Shipment and Item View">
      <member-entity entity-alias="SH" entity-name="Shipment"/>
      <member-entity entity-alias="SITM" entity-name="ShipmentItem"/>
      <alias entity-alias="SH" name="shipmentId"/>
      <alias entity-alias="SH" name="shipmentTypeId"/>
      <alias entity-alias="SH" name="statusId"/>
      <alias entity-alias="SH" name="primaryOrderId"/>
      <alias entity-alias="SH" name="estimatedReadyDate"/>
      <alias entity-alias="SH" name="estimatedShipDate"/>
      <alias entity-alias="SH" name="estimatedArrivalDate"/>
      <alias entity-alias="SH" name="latestCancelDate"/>
      <alias entity-alias="SH" name="estimatedShipCost"/>
      <alias entity-alias="SH" name="handlingInstructions"/>
      <alias entity-alias="SH" name="originFacilityId"/>
      <alias entity-alias="SH" name="destinationFacilityId"/>
      <alias entity-alias="SH" name="originContactMechId"/>
      <alias entity-alias="SH" name="destinationContactMechId"/>
      <alias entity-alias="SH" name="partyIdTo"/>
      <alias entity-alias="SH" name="partyIdFrom"/>
      <alias entity-alias="SITM" name="shipmentItemSeqId"/>
      <alias entity-alias="SITM" name="productId"/>
      <alias entity-alias="SITM" name="quantity"/>
      <alias entity-alias="SITM" name="shipmentContentDescription"/>
      <view-link entity-alias="SH" rel-entity-alias="SITM">
        <key-map field-name="shipmentId"/>
      </view-link>
      <relation type="one-nofk" rel-entity-name="Shipment">
        <key-map field-name="shipmentId"/>
      </relation>
      <relation type="one-nofk" rel-entity-name="ShipmentItem">
        <key-map field-name="shipmentId"/>
        <key-map field-name="shipmentItemSeqId"/>
      </relation>
    </view-entity>
    <entity entity-name="ShipmentAttribute"
            package-name="org.apache.ofbiz.shipment.shipment"
            title="Shipment Attribute">
      <field name="shipmentId" type="id"></field>
      <field name="attrName" type="id-long"></field>
      <field name="attrValue" type="value"></field>
      <field name="attrDescription" type="description"></field>
      <prim-key field="shipmentId"/>
      <prim-key field="attrName"/>
      <relation type="one" fk-name="SHPMNT_ATTR" rel-entity-name="Shipment">
        <key-map field-name="shipmentId"/>
      </relation>
      <relation type="many" rel-entity-name="ShipmentTypeAttr">
        <key-map field-name="attrName"/>
      </relation>
    </entity>
    <entity entity-name="ShipmentBoxType"
            package-name="org.apache.ofbiz.shipment.shipment"
            title="Shipment Contact Mechanism Type">
      <field name="shipmentBoxTypeId" type="id"></field>
      <field name="description" type="description"></field>
      <field name="dimensionUomId" type="id"></field>
      <field name="boxLength" type="fixed-point"></field>
      <field name="boxWidth" type="fixed-point"></field>
      <field name="boxHeight" type="fixed-point"></field>
      <field name="weightUomId" type="id"></field>
      <field name="boxWeight" type="fixed-point"></field>
      <prim-key field="shipmentBoxTypeId"/>
      <relation type="one" fk-name="SHMT_BXTP_DUOM" title="Dimension" rel-entity-name="Uom">
        <key-map field-name="dimensionUomId" rel-field-name="uomId"/>
      </relation>
      <relation type="one" fk-name="SHMT_BXTP_WUOM" title="Weight" rel-entity-name="Uom">
        <key-map field-name="weightUomId" rel-field-name="uomId"/>
      </relation>
    </entity>
    <entity entity-name="ShipmentContactMech"
            package-name="org.apache.ofbiz.shipment.shipment"
            title="Shipment Contact Mechanism">
      <field name="shipmentId" type="id"></field>
      <field name="shipmentContactMechTypeId" type="id"></field>
      <field name="contactMechId" type="id"></field>
      <prim-key field="shipmentId"/>
      <prim-key field="shipmentContactMechTypeId"/>
      <relation type="one" fk-name="SHPMT_CMECH" rel-entity-name="Shipment">
        <key-map field-name="shipmentId"/>
      </relation>
      <relation type="one" fk-name="SHPMT_CMECH_CM" rel-entity-name="ContactMech">
        <key-map field-name="contactMechId"/>
      </relation>
      <relation type="one" fk-name="SHPMT_CMECH_TYPE" rel-entity-name="ShipmentContactMechType">
        <key-map field-name="shipmentContactMechTypeId"/>
      </relation>
    </entity>
    <entity entity-name="ShipmentContactMechType"
            package-name="org.apache.ofbiz.shipment.shipment"
            title="Shipment Contact Mechanism Type">
      <field name="shipmentContactMechTypeId" type="id"></field>
      <field name="description" type="description"></field>
      <prim-key field="shipmentContactMechTypeId"/>
    </entity>
    <entity entity-name="ShipmentCostEstimate"
            package-name="org.apache.ofbiz.shipment.shipment"
            title="Shipment Cost Estimate">
      <field name="shipmentCostEstimateId" type="id"></field>
      <field name="shipmentMethodTypeId" type="id"></field>
      <field name="carrierPartyId" type="id"></field>
      <field name="carrierRoleTypeId" type="id"></field>
      <field name="productStoreShipMethId" type="id"></field>
      <field name="productStoreId" type="id"></field>
      <field name="partyId" type="id"></field>
      <field name="roleTypeId" type="id"></field>
      <field name="geoIdTo" type="id"></field>
      <field name="geoIdFrom" type="id"></field>
      <field name="weightBreakId" type="id"></field>
      <field name="weightUomId" type="id"></field>
      <field name="weightUnitPrice" type="currency-amount"></field>
      <field name="quantityBreakId" type="id"></field>
      <field name="quantityUomId" type="id"></field>
      <field name="quantityUnitPrice" type="currency-amount"></field>
      <field name="priceBreakId" type="id"></field>
      <field name="priceUomId" type="id"></field>
      <field name="priceUnitPrice" type="currency-amount"></field>
      <field name="orderFlatPrice" type="currency-amount"></field>
      <field name="orderPricePercent" type="fixed-point"></field>
      <field name="orderItemFlatPrice" type="currency-amount"></field>
      <field name="shippingPricePercent" type="fixed-point"></field>
      <field name="productFeatureGroupId" type="id"></field>
      <field name="oversizeUnit" type="fixed-point"></field>
      <field name="oversizePrice" type="currency-amount"></field>
      <field name="featurePercent" type="fixed-point"></field>
      <field name="featurePrice" type="currency-amount"></field>
      <prim-key field="shipmentCostEstimateId"/>
      <relation type="one" fk-name="SHPMNT_CE_CSHMTH" rel-entity-name="CarrierShipmentMethod">
        <key-map field-name="shipmentMethodTypeId"/>
        <key-map field-name="carrierPartyId" rel-field-name="partyId"/>
        <key-map field-name="carrierRoleTypeId" rel-field-name="roleTypeId"/>
      </relation>
      <relation type="one" fk-name="SHPMNT_PS_SH_METH" rel-entity-name="ProductStoreShipmentMeth">
          <key-map field-name="productStoreShipMethId"/>
      </relation>
      <relation type="one" fk-name="SHPMNT_CE_PARTY" rel-entity-name="Party">
        <key-map field-name="partyId"/>
      </relation>
      <relation type="one" fk-name="SHPMNT_CE_ROLET" rel-entity-name="RoleType">
        <key-map field-name="roleTypeId"/>
      </relation>
      <relation type="one-nofk" rel-entity-name="PartyRole">
        <key-map field-name="partyId"/>
        <key-map field-name="roleTypeId"/>
      </relation>
      <relation type="one" fk-name="SHPMNT_CE_WUOM" title="Weight" rel-entity-name="Uom">
        <key-map field-name="weightUomId" rel-field-name="uomId"/>
      </relation>
      <relation type="one" fk-name="SHPMNT_CE_QUOM" title="Quantity" rel-entity-name="Uom">
        <key-map field-name="quantityUomId" rel-field-name="uomId"/>
      </relation>
      <relation type="one" fk-name="SHPMNT_CE_PUOM" title="Price" rel-entity-name="Uom">
        <key-map field-name="priceUomId" rel-field-name="uomId"/>
      </relation>
      <relation type="one" fk-name="SHPMNT_CE_TGEO" title="To" rel-entity-name="Geo">
        <key-map field-name="geoIdTo" rel-field-name="geoId"/>
      </relation>
      <relation type="one" fk-name="SHPMNT_CE_FGEO" title="From" rel-entity-name="Geo">
        <key-map field-name="geoIdFrom" rel-field-name="geoId"/>
      </relation>
      <relation type="one" fk-name="SHPMNT_CE_WHT_QB" title="Weight" rel-entity-name="QuantityBreak">
        <key-map field-name="weightBreakId" rel-field-name="quantityBreakId"/>
      </relation>
      <relation type="one" fk-name="SHPMNT_CE_QNT_QB" title="Quantity" rel-entity-name="QuantityBreak">
        <key-map field-name="quantityBreakId"/>
      </relation>
      <relation type="one" fk-name="SHPMNT_CE_PRC_QB" title="Price" rel-entity-name="QuantityBreak">
        <key-map field-name="priceBreakId" rel-field-name="quantityBreakId"/>
      </relation>
    </entity>
    <entity entity-name="ShipmentTimeEstimate" package-name="org.apache.ofbiz.shipment.shipment"
        title="Shipment Time Estimation Entity">
        <field name="shipmentMethodTypeId" type="id"/>
        <field name="partyId" type="id"/>
        <field name="roleTypeId" type="id"/>
        <field name="geoIdTo" type="id"/>
        <field name="geoIdFrom" type="id"/>
        <field name="fromDate" type="date-time"/>
        <field name="thruDate" type="date-time"/>
        <field name="leadTime" type="fixed-point"/>
        <field name="leadTimeUomId" type="id"/>
        <field name="sequenceNumber" type="numeric"/>
        <prim-key field="shipmentMethodTypeId"/>
        <prim-key field="partyId"/>
        <prim-key field="roleTypeId"/>
        <prim-key field="geoIdTo"/>
        <prim-key field="geoIdFrom"/>
        <prim-key field="fromDate"/>
        <relation rel-entity-name="CarrierShipmentMethod" type="one" fk-name="SHIPT_EST_METHOD">
            <key-map field-name="shipmentMethodTypeId"/>
            <key-map field-name="partyId"/>
            <key-map field-name="roleTypeId"/>
        </relation>
        <relation rel-entity-name="Geo" type="one" title="To" fk-name="SHIPT_EST_GEO_TO">
            <key-map field-name="geoIdTo" rel-field-name="geoId"/>
        </relation>
        <relation rel-entity-name="Geo" type="one" title="from" fk-name="SHIPT_EST_GEO_FROM">
            <key-map field-name="geoIdFrom" rel-field-name="geoId"/>
        </relation>
        <relation rel-entity-name="Uom" type="one" title="Time unit" fk-name="SHIPT_EST_UOM">
            <key-map field-name="leadTimeUomId" rel-field-name="uomId"/>
        </relation>
    </entity>
    <entity entity-name="ShipmentGatewayConfigType"
            package-name="org.apache.ofbiz.shipment.shipment"
            title="Shipment Gateway Config Type">
      <field name="shipmentGatewayConfTypeId" type="id"></field>
      <field name="parentTypeId" type="id"></field>
      <field name="hasTable" type="indicator"></field>
      <field name="description" type="description"></field>
      <prim-key field="shipmentGatewayConfTypeId"/>
      <relation type="one" fk-name="SGCT_PAR" title="Parent" rel-entity-name="ShipmentGatewayConfigType">
        <key-map field-name="parentTypeId" rel-field-name="shipmentGatewayConfTypeId"/>
      </relation>
      <relation type="many" title="Sibling" rel-entity-name="ShipmentGatewayConfigType">
        <key-map field-name="parentTypeId"/>
      </relation>
    </entity>
    <entity entity-name="ShipmentGatewayConfig"
            package-name="org.apache.ofbiz.shipment.shipment"
            title="Shipment Gateway Config">
      <field name="shipmentGatewayConfigId" type="id"></field>
      <field name="shipmentGatewayConfTypeId" type="id"></field>
      <field name="description" type="description"></field>
      <prim-key field="shipmentGatewayConfigId"/>
      <relation type="one" fk-name="SGC_SGCT" rel-entity-name="ShipmentGatewayConfigType">
        <key-map field-name="shipmentGatewayConfTypeId" rel-field-name="shipmentGatewayConfTypeId"/>
      </relation>
    </entity>
    <entity entity-name="ShipmentGatewayDhl"
            package-name="org.apache.ofbiz.shipment.shipment"
            title="DHL Shipment Gateway Configuration">
      <field name="shipmentGatewayConfigId" type="id"></field>
      <field name="connectUrl" type="value"><description>DHL Connection URL</description></field>
      <field name="connectTimeout" type="numeric"><description>Timeout in seconds</description></field>
      <field name="headVersion" type="short-varchar"><description>Head version attribute</description></field>
      <field name="headAction" type="value"><description>Head action attribute</description></field>
      <field name="accessUserId" type="value" encrypt="true"><description>Your DHL ShipIT User Id</description></field>
      <field name="accessPassword" type="value" encrypt="true"><description>Your DHL ShipIT Access Password</description></field>
      <field name="accessAccountNbr" type="value" encrypt="true"><description>Your DHL ShipIT Account Number</description></field>
      <field name="accessShippingKey" type="value" encrypt="true"><description>Your DHL ShipIT Shipping Key</description></field>
      <field name="labelImageFormat" type="short-varchar"><description>Label image format</description></field>
      <field name="rateEstimateTemplate" type="value"><description>API Schema Templates</description></field>
      <prim-key field="shipmentGatewayConfigId"/>
      <relation type="one" fk-name="SGDHL_SGC" rel-entity-name="ShipmentGatewayConfig">
        <key-map field-name="shipmentGatewayConfigId"/>
      </relation>
    </entity>
    <entity entity-name="ShipmentGatewayFedex"
            package-name="org.apache.ofbiz.shipment.shipment"
            title="Fedex Shipment Gateway Configuration">
      <field name="shipmentGatewayConfigId" type="id"></field>
      <field name="connectUrl" type="value"><description>Fedex Connection URL</description></field>
      <field name="connectSoapUrl" type="value"><description>Fedex Soap Connection URL</description></field>
      <field name="connectTimeout" type="numeric"><description>Timeout in seconds</description></field>
      <field name="accessAccountNbr" type="value" encrypt="true"><description>Your Fedex account number</description></field>
      <field name="accessMeterNumber" type="value" encrypt="true"><description>Your Fedex meter number</description></field>
      <field name="accessUserKey" type="value" encrypt="true"><description>Your Fedex user credential key</description></field>
      <field name="accessUserPwd" type="value" encrypt="true"><description>Your Fedex user credential password</description></field>
      <field name="labelImageType" type="short-varchar"><description>Label image type</description></field>
      <field name="defaultDropoffType" type="value"><description>Default dropoff type</description></field>
      <field name="defaultPackagingType" type="value"><description>Default packaging type</description></field>
      <field name="templateShipment" type="value"><description>Shipment Template location</description></field>
      <field name="templateSubscription" type="value"><description>Subscription Template location</description></field>
      <field name="rateEstimateTemplate" type="value"><description>FedEx API Rate Estimate Template</description></field>
      <prim-key field="shipmentGatewayConfigId"/>
      <relation type="one" fk-name="SGFED_SGC" rel-entity-name="ShipmentGatewayConfig">
        <key-map field-name="shipmentGatewayConfigId"/>
      </relation>
    </entity>
    <entity entity-name="ShipmentGatewayUps"
            package-name="org.apache.ofbiz.shipment.shipment"
            title="UPS Shipment Gateway Configuration">
      <field name="shipmentGatewayConfigId" type="id"></field>
      <field name="connectUrl" type="value"><description>UPS Connection URL</description></field>
      <field name="connectTimeout" type="numeric"><description>Timeout in seconds</description></field>
      <field name="shipperNumber" type="value"><description>UPS Shipper Number</description></field>
      <field name="billShipperAccountNumber" type="value"><description>UPS Bill Shipper Account Number</description></field>
      <field name="accessLicenseNumber" type="value" encrypt="true"><description>UPS XPCI Access License Number</description></field>
      <field name="accessUserId" type="value" encrypt="true"><description>UPS XPCI Access User ID</description></field>
      <field name="accessPassword" type="value" encrypt="true"><description>UPS XPCI Access Password</description></field>
      <field name="saveCertInfo" type="short-varchar"><description>Setting to save files needed for UPS certification (true|false)</description></field>
      <field name="saveCertPath" type="value"><description>UPS file certificate path</description></field>
      <field name="shipperPickupType" type="short-varchar"><description>Shipper Default Pickup Type</description></field>
      <field name="customerClassification" type="short-varchar"><description>Customer Classification</description></field>
      <field name="maxEstimateWeight" type="fixed-point"><description>Estimate split into packages</description></field>
      <field name="minEstimateWeight" type="fixed-point"><description>Minimum weight for a package</description></field>
      <field name="codAllowCod" type="value"><description>All shipment package items are from orders which have been fully paid via EXT_COD</description></field>
      <field name="codSurchargeAmount" type="fixed-point"><description>Surcharge amount</description></field>
      <field name="codSurchargeCurrencyUomId" type="short-varchar"><description>Surcharge currency</description></field>
      <field name="codSurchargeApplyToPackage" type="short-varchar"><description>Surcharge amount will be applied to each shipment package</description></field>
      <field name="codFundsCode" type="short-varchar"><description>The code that indicates the type of funds used for the COD payment</description></field>
      <field name="defaultReturnLabelMemo" type="value"><description>Return label email memo</description></field>
      <field name="defaultReturnLabelSubject" type="value"><description>Return label subject</description></field>
      <prim-key field="shipmentGatewayConfigId"/>
      <relation type="one" fk-name="SGUPS_SGC" rel-entity-name="ShipmentGatewayConfig">
        <key-map field-name="shipmentGatewayConfigId"/>
      </relation>
    </entity>
    <entity entity-name="ShipmentGatewayUsps"
            package-name="org.apache.ofbiz.shipment.shipment"
            title="USPS Shipment Gateway Configuration">
      <field name="shipmentGatewayConfigId" type="id"></field>
      <field name="connectUrl" type="value"><description>USPS Connection URL</description></field>
      <field name="connectUrlLabels" type="value"><description>USPS Connection URL for Labels</description></field>
      <field name="connectTimeout" type="numeric"><description>Timeout in seconds</description></field>
      <field name="accessUserId" type="value" encrypt="true"><description>USPS Access User ID</description></field>
      <field name="accessPassword" type="value" encrypt="true"><description>USPS Access Password</description></field>
      <field name="maxEstimateWeight" type="numeric"><description>Estimate split into packages</description></field>
      <field name="test" type="short-varchar"><description>Test/Production mode</description></field>
      <prim-key field="shipmentGatewayConfigId"/>
      <relation type="one" fk-name="SGUSPS_SGC" rel-entity-name="ShipmentGatewayConfig">
        <key-map field-name="shipmentGatewayConfigId"/>
      </relation>
    </entity>
    <entity entity-name="ShipmentItem"
            package-name="org.apache.ofbiz.shipment.shipment"
            title="Shipment Item">
      <field name="shipmentId" type="id"></field>
      <field name="shipmentItemSeqId" type="id"></field>
      <field name="productId" type="id"></field>
      <field name="quantity" type="fixed-point"></field>
      <field name="shipmentContentDescription" type="description"></field>
      <prim-key field="shipmentId"/>
      <prim-key field="shipmentItemSeqId"/>
      <relation type="one" fk-name="SHPMNT_ITM_SHPMT" rel-entity-name="Shipment">
        <key-map field-name="shipmentId"/>
      </relation>
      <relation type="one" fk-name="SHPMNT_ITM_PROD" rel-entity-name="Product">
        <key-map field-name="productId"/>
      </relation>
    </entity>
    <entity entity-name="ShipmentItemBilling"
            package-name="org.apache.ofbiz.shipment.shipment"
            title="Shipment Item Billing">
      <field name="shipmentId" type="id"></field>
      <field name="shipmentItemSeqId" type="id"></field>
      <field name="invoiceId" type="id"></field>
      <field name="invoiceItemSeqId" type="id"></field>
      <prim-key field="shipmentId"/>
      <prim-key field="shipmentItemSeqId"/>
      <prim-key field="invoiceId"/>
      <prim-key field="invoiceItemSeqId"/>
      <relation type="one-nofk" rel-entity-name="Shipment">
        <key-map field-name="shipmentId"/>
      </relation>
      <relation type="one" fk-name="SHPMNT_ITBL_SPIM" rel-entity-name="ShipmentItem">
        <key-map field-name="shipmentId"/>
        <key-map field-name="shipmentItemSeqId"/>
      </relation>
      <relation type="one-nofk" rel-entity-name="Invoice">
        <key-map field-name="invoiceId"/>
      </relation>
      <relation type="one" fk-name="SHPMNT_ITBL_INIM" rel-entity-name="InvoiceItem">
        <key-map field-name="invoiceId"/>
        <key-map field-name="invoiceItemSeqId"/>
      </relation>
    </entity>
    <entity entity-name="ShipmentItemFeature"
            package-name="org.apache.ofbiz.shipment.shipment"
            title="Shipment Item Feature">
      <field name="shipmentId" type="id"></field>
      <field name="shipmentItemSeqId" type="id"></field>
      <field name="productFeatureId" type="id"></field>
      <prim-key field="shipmentId"/>
      <prim-key field="shipmentItemSeqId"/>
      <prim-key field="productFeatureId"/>
      <relation type="one-nofk" rel-entity-name="Shipment">
        <key-map field-name="shipmentId"/>
      </relation>
      <relation type="one" fk-name="SHPMNT_ITFT_SPIM" rel-entity-name="ShipmentItem">
        <key-map field-name="shipmentId"/>
        <key-map field-name="shipmentItemSeqId"/>
      </relation>
      <relation type="one" fk-name="SHPMNT_ITFT_FEAT" rel-entity-name="ProductFeature">
        <key-map field-name="productFeatureId"/>
      </relation>
    </entity>
    <view-entity entity-name="ShipmentManifestView"
            package-name="org.apache.ofbiz.shipment.shipment"
            title="Shipment Manifest View">
      <member-entity entity-alias="SITM" entity-name="ShipmentItem"/>
      <member-entity entity-alias="PROD" entity-name="Product"/>
      <member-entity entity-alias="ITMI" entity-name="ItemIssuance"/>
      <member-entity entity-alias="SPCT" entity-name="ShipmentPackageContent"/>
      <member-entity entity-alias="SPKG" entity-name="ShipmentPackage"/>
      <member-entity entity-alias="WTUOM" entity-name="Uom"/>
      <member-entity entity-alias="SPRS" entity-name="ShipmentPackageRouteSeg"/>
      <member-entity entity-alias="SRTS" entity-name="ShipmentRouteSegment"/>
      <member-entity entity-alias="OFAC" entity-name="Facility"/>
      <member-entity entity-alias="DFAC" entity-name="Facility"/>
      <member-entity entity-alias="OPAD" entity-name="PostalAddress"/>
      <member-entity entity-alias="OTCN" entity-name="TelecomNumber"/>
      <member-entity entity-alias="DPAD" entity-name="PostalAddress"/>
      <member-entity entity-alias="DTCN" entity-name="TelecomNumber"/>
      <member-entity entity-alias="CPER" entity-name="Person"/>
      <member-entity entity-alias="CPGP" entity-name="PartyGroup"/>
      <member-entity entity-alias="SHMT" entity-name="ShipmentMethodType"/>
      <alias entity-alias="SITM" name="shipmentId"/>
      <alias entity-alias="SITM" name="shipmentItemSeqId"/>
      <alias entity-alias="SITM" name="productId"/>
      <alias entity-alias="SITM" name="quantity"/>
      <alias entity-alias="SITM" name="shipmentContentDescription"/>
      <alias entity-alias="PROD" name="internalName"/>
      <alias entity-alias="ITMI" name="itemIssuanceId"/>
      <alias entity-alias="ITMI" name="orderId"/>
      <alias entity-alias="ITMI" name="orderItemSeqId"/>
      <alias entity-alias="ITMI" name="inventoryItemId"/>
      <alias entity-alias="ITMI" name="issuedDateTime"/>
      <alias entity-alias="ITMI" name="issuedByUserLoginId"/>
      <alias entity-alias="ITMI" name="issuedQuantity" field="quantity"/>
      <alias entity-alias="SPCT" name="packageQuantity" field="quantity"/>
      <alias entity-alias="SPKG" name="shipmentPackageSeqId"/>
      <alias entity-alias="SPKG" name="packageDateCreated" field="dateCreated"/>
      <alias entity-alias="SPKG" name="weight"/>
      <alias entity-alias="WTUOM" name="weightUomAbbreviation" field="abbreviation"/>
      <alias entity-alias="WTUOM" name="weightUomDescription" field="description"/>
      <alias entity-alias="SPRS" name="trackingCode"/>
      <alias entity-alias="SPRS" name="boxNumber"/>
      <alias entity-alias="SRTS" name="shipmentRouteSegmentId"/>
      <alias entity-alias="SRTS" name="deliveryId"/>
      <alias entity-alias="SRTS" name="originFacilityId"/>
      <alias entity-alias="SRTS" name="destFacilityId"/>
      <alias entity-alias="SRTS" name="originContactMechId"/>
      <alias entity-alias="SRTS" name="originTelecomNumberId"/>
      <alias entity-alias="SRTS" name="destContactMechId"/>
      <alias entity-alias="SRTS" name="destTelecomNumberId"/>
      <alias entity-alias="SRTS" name="carrierPartyId"/>
      <alias entity-alias="SRTS" name="shipmentMethodTypeId"/>
      <alias entity-alias="SRTS" name="actualCost"/>
      <alias entity-alias="SRTS" name="actualStartDate"/>
      <alias entity-alias="SRTS" name="actualArrivalDate"/>
      <alias entity-alias="SRTS" name="estimatedStartDate"/>
      <alias entity-alias="SRTS" name="estimatedArrivalDate"/>
      <alias entity-alias="OFAC" name="originFacilityName" field="facilityName"/>
      <alias entity-alias="DFAC" name="destFacilityName" field="facilityName"/>
      <alias entity-alias="OPAD" name="originToName" field="toName"/>
      <alias entity-alias="OPAD" name="originAttnName" field="attnName"/>
      <alias entity-alias="OPAD" name="originAddress1" field="address1"/>
      <alias entity-alias="OPAD" name="originAddress2" field="address2"/>
      <alias entity-alias="OPAD" name="originDirections" field="directions"/>
      <alias entity-alias="OPAD" name="originCity" field="city"/>
      <alias entity-alias="OPAD" name="originPostalCode" field="postalCode"/>
      <alias entity-alias="OPAD" name="originCountryGeoId" field="countryGeoId"/>
      <alias entity-alias="OPAD" name="originStateProvinceGeoId" field="stateProvinceGeoId"/>
      <alias entity-alias="OPAD" name="originPostalCodeGeoId" field="postalCodeGeoId"/>
      <alias entity-alias="OTCN" name="originCountryCode" field="countryCode"/>
      <alias entity-alias="OTCN" name="originAreaCode" field="areaCode"/>
      <alias entity-alias="OTCN" name="originContactNumber" field="contactNumber"/>
      <alias entity-alias="DPAD" name="destToName" field="toName"/>
      <alias entity-alias="DPAD" name="destAttnName" field="attnName"/>
      <alias entity-alias="DPAD" name="destAddress1" field="address1"/>
      <alias entity-alias="DPAD" name="destAddress2" field="address2"/>
      <alias entity-alias="DPAD" name="destDirections" field="directions"/>
      <alias entity-alias="DPAD" name="destCity" field="city"/>
      <alias entity-alias="DPAD" name="destPostalCode" field="postalCode"/>
      <alias entity-alias="DPAD" name="destCountryGeoId" field="countryGeoId"/>
      <alias entity-alias="DPAD" name="destStateProvinceGeoId" field="stateProvinceGeoId"/>
      <alias entity-alias="DPAD" name="destPostalCodeGeoId" field="postalCodeGeoId"/>
      <alias entity-alias="DTCN" name="destCountryCode" field="countryCode"/>
      <alias entity-alias="DTCN" name="destAreaCode" field="areaCode"/>
      <alias entity-alias="DTCN" name="destContactNumber" field="contactNumber"/>
      <alias entity-alias="CPER" name="carrierFirstName" field="firstName"/>
      <alias entity-alias="CPER" name="carrierLastName" field="lastName"/>
      <alias entity-alias="CPGP" name="carrierGroupName" field="groupName"/>
      <alias entity-alias="SHMT" name="shipmentMethodDescription" field="description"/>
      <view-link entity-alias="SITM" rel-entity-alias="ITMI">
        <key-map field-name="shipmentId"/>
        <key-map field-name="shipmentItemSeqId"/>
      </view-link>
      <view-link entity-alias="SITM" rel-entity-alias="PROD" rel-optional="true">
        <key-map field-name="productId"/>
      </view-link>
      <view-link entity-alias="SITM" rel-entity-alias="SPCT">
        <key-map field-name="shipmentId"/>
        <key-map field-name="shipmentItemSeqId"/>
      </view-link>
      <view-link entity-alias="SPCT" rel-entity-alias="SPKG">
        <key-map field-name="shipmentId"/>
        <key-map field-name="shipmentPackageSeqId"/>
      </view-link>
      <view-link entity-alias="SPKG" rel-entity-alias="WTUOM" rel-optional="true">
        <key-map field-name="weightUomId" rel-field-name="uomId"/>
      </view-link>
      <view-link entity-alias="SPKG" rel-entity-alias="SPRS">
        <key-map field-name="shipmentId"/>
        <key-map field-name="shipmentPackageSeqId"/>
      </view-link>
      <view-link entity-alias="SPRS" rel-entity-alias="SRTS">
        <key-map field-name="shipmentId"/>
        <key-map field-name="shipmentRouteSegmentId"/>
      </view-link>
      <view-link entity-alias="SRTS" rel-entity-alias="OFAC" rel-optional="true">
        <key-map field-name="originFacilityId" rel-field-name="facilityId"/>
      </view-link>
      <view-link entity-alias="SRTS" rel-entity-alias="DFAC" rel-optional="true">
        <key-map field-name="destFacilityId" rel-field-name="facilityId"/>
      </view-link>
      <view-link entity-alias="SRTS" rel-entity-alias="OPAD" rel-optional="true">
        <key-map field-name="originContactMechId" rel-field-name="contactMechId"/>
      </view-link>
      <view-link entity-alias="SRTS" rel-entity-alias="OTCN" rel-optional="true">
        <key-map field-name="originTelecomNumberId" rel-field-name="contactMechId"/>
      </view-link>
      <view-link entity-alias="SRTS" rel-entity-alias="DPAD" rel-optional="true">
        <key-map field-name="destContactMechId" rel-field-name="contactMechId"/>
      </view-link>
      <view-link entity-alias="SRTS" rel-entity-alias="DTCN" rel-optional="true">
        <key-map field-name="destTelecomNumberId" rel-field-name="contactMechId"/>
      </view-link>
      <view-link entity-alias="SRTS" rel-entity-alias="CPER" rel-optional="true">
        <key-map field-name="carrierPartyId" rel-field-name="partyId"/>
      </view-link>
      <view-link entity-alias="SRTS" rel-entity-alias="CPGP" rel-optional="true">
        <key-map field-name="carrierPartyId" rel-field-name="partyId"/>
      </view-link>
      <view-link entity-alias="SRTS" rel-entity-alias="SHMT" rel-optional="true">
        <key-map field-name="shipmentMethodTypeId" rel-field-name="shipmentMethodTypeId"/>
      </view-link>
    </view-entity>
    <entity entity-name="ShipmentMethodType"
            package-name="org.apache.ofbiz.shipment.shipment"
            title="Shipment Method Type">
      <field name="shipmentMethodTypeId" type="id"></field>
      <field name="description" type="description"></field>
      <field name="sequenceNum" type="numeric"></field>
      <prim-key field="shipmentMethodTypeId"/>
    </entity>
    <entity entity-name="ShipmentPackage"
            package-name="org.apache.ofbiz.shipment.shipment"
            title="Shipment Package">
      <field name="shipmentId" type="id"></field>
      <field name="shipmentPackageSeqId" type="id"></field>
      <field name="shipmentBoxTypeId" type="id"></field>
      <field name="dateCreated" type="date-time"></field>
      <field name="boxLength" type="fixed-point"><description>This field store the length of package; if a shipmentBoxTypeId is specified then this overrides the dimension specified there; this field is meant to be used when there is no applicable ShipmentBoxType</description></field>
      <field name="boxHeight" type="fixed-point"><description>This field store the height of package; if a shipmentBoxTypeId is specified then this overrides the dimension specified there; this field is meant to be used when there is no applicable ShipmentBoxType</description></field>
      <field name="boxWidth" type="fixed-point"><description>This field store the width of package; if a shipmentBoxTypeId is specified then this overrides the dimension specified there; this field is meant to be used when there is no applicable ShipmentBoxType</description></field>
      <field name="dimensionUomId" type="id"><description>This field store the unit of measurement of dimension (length, width and height)</description></field>
      <field name="weight" type="fixed-point"></field>
      <field name="weightUomId" type="id"></field>
      <field name="insuredValue" type="currency-amount"></field>
      <prim-key field="shipmentId"/>
      <prim-key field="shipmentPackageSeqId"/>
      <relation type="one" fk-name="SHPKG_SHPMNT" rel-entity-name="Shipment">
        <key-map field-name="shipmentId"/>
      </relation>
      <relation type="one" fk-name="SHPKG_BXTYP" rel-entity-name="ShipmentBoxType">
        <key-map field-name="shipmentBoxTypeId"/>
      </relation>
      <relation type="many" rel-entity-name="CarrierShipmentBoxType">
        <key-map field-name="shipmentBoxTypeId"/>
      </relation>
      <relation type="one" fk-name="SHPKG_DUOM" title="Dimension" rel-entity-name="Uom">
        <key-map field-name="dimensionUomId" rel-field-name="uomId"/>
      </relation>
      <relation type="one" fk-name="SHPKG_WUOM" title="Weight" rel-entity-name="Uom">
        <key-map field-name="weightUomId" rel-field-name="uomId"/>
      </relation>
    </entity>
    <entity entity-name="ShipmentPackageContent"
            package-name="org.apache.ofbiz.shipment.shipment"
            title="Shipment Package Content">
      <field name="shipmentId" type="id"></field>
      <field name="shipmentPackageSeqId" type="id"></field>
      <field name="shipmentItemSeqId" type="id"></field>
      <field name="quantity" type="fixed-point"></field>
      <field name="subProductId" type="id"></field>
      <field name="subProductQuantity" type="fixed-point"></field>
      <prim-key field="shipmentId"/>
      <prim-key field="shipmentPackageSeqId"/>
      <prim-key field="shipmentItemSeqId"/>
      <relation type="one" fk-name="PCK_CNTNT_SHPKG" rel-entity-name="ShipmentPackage">
        <key-map field-name="shipmentId"/>
        <key-map field-name="shipmentPackageSeqId"/>
      </relation>
      <relation type="one-nofk" rel-entity-name="Shipment">
        <key-map field-name="shipmentId"/>
      </relation>
      <relation type="one" fk-name="PCK_CNTNT_SHITM" rel-entity-name="ShipmentItem">
        <key-map field-name="shipmentId"/>
        <key-map field-name="shipmentItemSeqId"/>
      </relation>
      <relation type="one" fk-name="PCK_CNTNT_PROD" title="Sub" rel-entity-name="Product">
        <key-map field-name="subProductId" rel-field-name="productId"/>
      </relation>
    </entity>
    <entity entity-name="ShipmentPackageRouteSeg"
            package-name="org.apache.ofbiz.shipment.shipment"
            title="Shipment Package Route Segment">
      <field name="shipmentId" type="id"></field>
      <field name="shipmentPackageSeqId" type="id"></field>
      <field name="shipmentRouteSegmentId" type="id"></field>
      <field name="trackingCode" type="short-varchar"></field>
      <field name="boxNumber" type="short-varchar"></field>
      <field name="labelImage" type="byte-array"></field>
      <field name="labelIntlSignImage" type="byte-array"></field>
      <field name="labelHtml" type="very-long"></field>
      <field name="labelPrinted" type="indicator"></field> <!-- tracks if a label has been printed -->
      <field name="internationalInvoice" type="byte-array"></field>
      <field name="packageTransportCost" type="currency-amount"></field>
      <field name="packageServiceCost" type="currency-amount"></field>
      <field name="packageOtherCost" type="currency-amount"></field>
      <field name="codAmount" type="currency-amount"></field>
      <field name="insuredAmount" type="currency-amount"></field>
      <field name="currencyUomId" type="id"></field>
      <prim-key field="shipmentId"/>
      <prim-key field="shipmentPackageSeqId"/>
      <prim-key field="shipmentRouteSegmentId"/>
      <relation type="one" fk-name="SHPKRTSG_SHPKG" rel-entity-name="ShipmentPackage">
        <key-map field-name="shipmentId"/>
        <key-map field-name="shipmentPackageSeqId"/>
      </relation>
      <relation type="one-nofk" rel-entity-name="Shipment">
        <key-map field-name="shipmentId"/>
      </relation>
      <relation type="one" fk-name="SHPKRTSG_RTSG" rel-entity-name="ShipmentRouteSegment">
        <key-map field-name="shipmentId"/>
        <key-map field-name="shipmentRouteSegmentId"/>
      </relation>
      <relation type="one" fk-name="SHPKRTSG_CUOM" title="Currency" rel-entity-name="Uom">
        <key-map field-name="currencyUomId" rel-field-name="uomId"/>
      </relation>
    </entity>
    <entity entity-name="ShipmentRouteSegment"
            package-name="org.apache.ofbiz.shipment.shipment"
            title="Shipment Route Segment">
      <field name="shipmentId" type="id"></field>
      <field name="shipmentRouteSegmentId" type="id"></field>
      <field name="deliveryId" type="id"></field>
      <field name="originFacilityId" type="id"></field>
      <field name="destFacilityId" type="id"></field>
      <field name="originContactMechId" type="id"></field>
      <field name="originTelecomNumberId" type="id"></field>
      <field name="destContactMechId" type="id"></field>
      <field name="destTelecomNumberId" type="id"></field>
      <field name="carrierPartyId" type="id"></field>
      <field name="shipmentMethodTypeId" type="id"></field>
      <field name="carrierServiceStatusId" type="id"></field>
      <field name="carrierDeliveryZone" type="short-varchar"></field>
      <field name="carrierRestrictionCodes" type="short-varchar"></field>
      <field name="carrierRestrictionDesc" type="very-long"></field>
      <field name="billingWeight" type="fixed-point"></field>
      <field name="billingWeightUomId" type="id"></field>
      <field name="actualTransportCost" type="currency-amount"></field>
      <field name="actualServiceCost" type="currency-amount"></field>
      <field name="actualOtherCost" type="currency-amount"></field>
      <field name="actualCost" type="currency-amount"></field>
      <field name="currencyUomId" type="id"></field>
      <field name="actualStartDate" type="date-time"></field>
      <field name="actualArrivalDate" type="date-time"></field>
      <field name="estimatedStartDate" type="date-time"></field>
      <field name="estimatedArrivalDate" type="date-time"></field>
      <field name="trackingIdNumber" type="short-varchar"></field>
      <field name="trackingDigest" type="very-long"></field>
      <field name="updatedByUserLoginId" type="id-vlong"></field>
      <field name="lastUpdatedDate" type="date-time"></field>
      <field name="homeDeliveryType" type="id"></field>
      <field name="homeDeliveryDate" type="date-time"></field>
      <field name="thirdPartyAccountNumber" type="id"></field>
      <field name="thirdPartyPostalCode" type="id"></field>
      <field name="thirdPartyCountryGeoCode" type="id"></field>
      <field name="upsHighValueReport" type="byte-array"></field>
      <prim-key field="shipmentId"/>
      <prim-key field="shipmentRouteSegmentId"/>
      <relation type="one" fk-name="SHPMT_RTSEG_SHPMT" rel-entity-name="Shipment">
        <key-map field-name="shipmentId"/>
      </relation>
      <relation type="one" fk-name="SHPMT_RTSEG_DEL" rel-entity-name="Delivery">
        <key-map field-name="deliveryId"/>
      </relation>
      <relation type="one" fk-name="SHPMT_RTSEG_CPTY" title="Carrier" rel-entity-name="Party">
        <key-map field-name="carrierPartyId" rel-field-name="partyId"/>
      </relation>
      <relation type="one-nofk" title="Carrier" rel-entity-name="Person">
        <key-map field-name="carrierPartyId" rel-field-name="partyId"/>
      </relation>
      <relation type="one-nofk" title="Carrier" rel-entity-name="PartyGroup">
        <key-map field-name="carrierPartyId" rel-field-name="partyId"/>
      </relation>
      <relation type="one" fk-name="SHPMT_RTSEG_SHMT" rel-entity-name="ShipmentMethodType">
        <key-map field-name="shipmentMethodTypeId"/>
      </relation>
      <relation type="one" fk-name="SHPMT_RTSEG_OFAC" title="Origin" rel-entity-name="Facility">
        <key-map field-name="originFacilityId" rel-field-name="facilityId"/>
      </relation>
      <relation type="one" fk-name="SHPMT_RTSEG_DFAC" title="Dest" rel-entity-name="Facility">
        <key-map field-name="destFacilityId" rel-field-name="facilityId"/>
      </relation>
      <relation type="one-nofk" title="Origin" rel-entity-name="ContactMech">
        <key-map field-name="originContactMechId" rel-field-name="contactMechId"/>
      </relation>
      <relation type="one-nofk" title="Dest" rel-entity-name="ContactMech">
        <key-map field-name="destContactMechId" rel-field-name="contactMechId"/>
      </relation>
      <relation type="one" fk-name="SHPMT_RTSEG_OPAD" title="Origin" rel-entity-name="PostalAddress">
        <key-map field-name="originContactMechId" rel-field-name="contactMechId"/>
      </relation>
      <relation type="one" fk-name="SHPMT_RTSEG_OTCN" title="Origin" rel-entity-name="TelecomNumber">
        <key-map field-name="originTelecomNumberId" rel-field-name="contactMechId"/>
      </relation>
      <relation type="one" fk-name="SHPMT_RTSEG_DPAD" title="Dest" rel-entity-name="PostalAddress">
        <key-map field-name="destContactMechId" rel-field-name="contactMechId"/>
      </relation>
      <relation type="one" fk-name="SHPMT_RTSEG_DTCN" title="Dest" rel-entity-name="TelecomNumber">
        <key-map field-name="destTelecomNumberId" rel-field-name="contactMechId"/>
      </relation>
      <relation type="one" fk-name="SHPKRTSG_CSSTS" title="CarrierService" rel-entity-name="StatusItem">
        <key-map field-name="carrierServiceStatusId" rel-field-name="statusId"/>
      </relation>
      <relation type="one" fk-name="SHPMT_RTSEG_CUOM" title="Currency" rel-entity-name="Uom">
        <key-map field-name="currencyUomId" rel-field-name="uomId"/>
      </relation>
      <relation type="one" fk-name="SHPKRTSG_BWUOM" title="BillingWeight" rel-entity-name="Uom">
        <key-map field-name="billingWeightUomId" rel-field-name="uomId"/>
      </relation>
    </entity>
    <view-entity entity-name="ShipmentPackageRouteDetail"
            package-name="org.apache.ofbiz.shipment.shipment"
            title="Shipment Package Route Detail View">
      <description>View to list information about individual packages with route information, for getting the carrier labels for a package.</description>
      <member-entity entity-alias="SPRS" entity-name="ShipmentPackageRouteSeg"/>
      <member-entity entity-alias="SRS" entity-name="ShipmentRouteSegment"/>
      <member-entity entity-alias="S" entity-name="Shipment"/>
      <alias entity-alias="SPRS" name="shipmentId"/>
      <alias entity-alias="SPRS" name="shipmentPackageSeqId"/>
      <alias entity-alias="SPRS" name="shipmentRouteSegmentId"/>
      <alias entity-alias="SPRS" name="labelPrinted"/>
      <alias entity-alias="SPRS" name="trackingCode"/>
      <alias entity-alias="SRS" name="carrierPartyId"/>
      <alias entity-alias="SRS" name="carrierServiceStatusId"/>
      <alias entity-alias="SRS" name="shipmentMethodTypeId"/>
      <alias entity-alias="S" name="statusId"/>
      <alias entity-alias="S" name="primaryOrderId"/>
      <view-link entity-alias="SPRS" rel-entity-alias="SRS">
        <key-map field-name="shipmentId"/>
        <key-map field-name="shipmentRouteSegmentId"/>
      </view-link>
      <view-link entity-alias="SPRS" rel-entity-alias="S">
        <key-map field-name="shipmentId"/>
      </view-link>
    </view-entity>
    <view-entity entity-name="ShipmentRouteSegmentDetail"
            package-name="org.apache.ofbiz.shipment.shipment"
            title="Shipment Route Segment Detail View">
      <description>View to list a shipment route segment with extra shipment information, for scheduling shipment route segments</description>
      <member-entity entity-alias="SRS" entity-name="ShipmentRouteSegment"/>
      <member-entity entity-alias="S" entity-name="Shipment"/>
      <alias entity-alias="SRS" name="shipmentId"/>
      <alias entity-alias="SRS" name="shipmentRouteSegmentId"/>
      <alias entity-alias="SRS" name="originFacilityId"/>
      <alias entity-alias="SRS" name="carrierPartyId"/>
      <alias entity-alias="SRS" name="carrierServiceStatusId"/>
      <alias entity-alias="SRS" name="shipmentMethodTypeId"/>
      <alias entity-alias="SRS" name="billingWeight"/>
      <alias entity-alias="SRS" name="billingWeightUomId"/>
      <alias entity-alias="S" name="statusId"/>
      <alias entity-alias="S" name="primaryOrderId"/>
      <view-link entity-alias="SRS" rel-entity-alias="S">
        <key-map field-name="shipmentId"/>
      </view-link>
    </view-entity>
    <entity entity-name="ShipmentStatus"
            package-name="org.apache.ofbiz.shipment.shipment"
            title="Shipment Status">
      <field name="statusId" type="id"></field>
      <field name="shipmentId" type="id"></field>
      <field name="statusDate" type="date-time"></field>
      <field name="changeByUserLoginId" type="id-vlong"/>
      <prim-key field="statusId"/>
      <prim-key field="shipmentId"/>
      <relation type="one" fk-name="SHPMNT_STTS_STTS" rel-entity-name="StatusItem">
        <key-map field-name="statusId"/>
      </relation>
      <relation type="one" fk-name="SHPMNT_STTS_SHMT" rel-entity-name="Shipment">
        <key-map field-name="shipmentId"/>
      </relation>
      <relation type="one" fk-name="SHPMNT_STTS_USRLGN" title="ChangeBy" rel-entity-name="UserLogin">
          <key-map field-name="changeByUserLoginId" rel-field-name="userLoginId"/>
      </relation>
    </entity>
    <entity entity-name="ShipmentType"
            package-name="org.apache.ofbiz.shipment.shipment"
            default-resource-name="ProductEntityLabels"
            title="Shipment Type">
      <field name="shipmentTypeId" type="id"></field>
      <field name="parentTypeId" type="id"></field>
      <field name="hasTable" type="indicator"></field>
      <field name="description" type="description"></field>
      <prim-key field="shipmentTypeId"/>
      <relation type="one" fk-name="SHPMNT_TYPPAR" title="Parent" rel-entity-name="ShipmentType">
        <key-map field-name="parentTypeId" rel-field-name="shipmentTypeId"/>
      </relation>
    </entity>
    <entity entity-name="ShipmentTypeAttr"
            package-name="org.apache.ofbiz.shipment.shipment"
            title="Shipment Type Attribute">
      <field name="shipmentTypeId" type="id"></field>
      <field name="attrName" type="id-long"></field>
      <field name="description" type="description"></field>
      <prim-key field="shipmentTypeId"/>
      <prim-key field="attrName"/>
      <relation type="one" fk-name="SHPMNT_TYPATR" rel-entity-name="ShipmentType">
        <key-map field-name="shipmentTypeId"/>
      </relation>
      <relation type="many" rel-entity-name="ShipmentAttribute">
        <key-map field-name="attrName"/>
      </relation>
      <relation type="many" rel-entity-name="Shipment">
        <key-map field-name="shipmentTypeId"/>
      </relation>
    </entity>
    <entity entity-name="ShippingDocument"
            package-name="org.apache.ofbiz.shipment.shipment"
            title="Shipping Document">
      <field name="documentId" type="id"></field>
      <field name="shipmentId" type="id"></field>
      <field name="shipmentItemSeqId" type="id"></field>
      <field name="shipmentPackageSeqId" type="id"></field>
      <field name="description" type="description"></field>
      <prim-key field="documentId"/>
      <relation type="one" fk-name="SHPNG_DOC_DOC" rel-entity-name="Document">
        <key-map field-name="documentId"/>
      </relation>
      <relation type="one" fk-name="SHPNG_DOC_SMITM" rel-entity-name="ShipmentItem">
        <key-map field-name="shipmentId"/>
        <key-map field-name="shipmentItemSeqId"/>
      </relation>
      <relation type="one" fk-name="SHPNG_DOC_SHPKG" rel-entity-name="ShipmentPackage">
        <key-map field-name="shipmentId"/>
        <key-map field-name="shipmentPackageSeqId"/>
      </relation>
    </entity>

    <view-entity entity-name="PackedQtyVsOrderItemQuantity"
            package-name="org.apache.ofbiz.shipment.shipment"
            title="Shipment Route Segment Detail View">
      <description>View to report ShipmentPackageContent quantity vs. OrderItem quantity via
        ItemIssuance</description>
      <member-entity entity-alias="SPC" entity-name="ShipmentPackageContent"/>
      <member-entity entity-alias="II" entity-name="ItemIssuance"/>
      <member-entity entity-alias="OI" entity-name="OrderItem"/>
      <alias entity-alias="SPC" name="shipmentId"/>
      <alias entity-alias="SPC" name="shipmentPackageSeqId"/>
      <alias entity-alias="SPC" name="packedQuantity" field="quantity"/>
      <alias entity-alias="II" name="issuedQuantity" field="quantity"/>
      <alias entity-alias="OI" name="orderId"/>
      <alias entity-alias="OI" name="orderItemSeqId"/>
      <alias entity-alias="OI" name="orderedQuantity" field="quantity"/>
      <view-link entity-alias="SPC" rel-entity-alias="II">
        <key-map field-name="shipmentId"/>
        <key-map field-name="shipmentItemSeqId"/>
      </view-link>
      <view-link entity-alias="II" rel-entity-alias="OI">
        <key-map field-name="orderId"/>
        <key-map field-name="orderItemSeqId"/>
      </view-link>
      <relation type="one" rel-entity-name="OrderHeader">
          <key-map field-name="orderId"/>
      </relation>
    </view-entity>
</entitymodel>

