<?xml version="1.0" encoding="UTF-8"?>
<!--
    Licensed to the Apache Software Foundation (ASF) under one
    or more contributor license agreements.  See the NOTICE file
    distributed with this work for additional information
    regarding copyright ownership.  The ASF licenses this file
    to you under the Apache License, Version 2.0 (the
    "License"); you may not use this file except in compliance
    with the License.  You may obtain a copy of the License at

    http://www.apache.org/licenses/LICENSE-2.0

    Unless required by applicable law or agreed to in writing,
    software distributed under the License is distributed on an
    "AS IS" BASIS, WITHOUT WARRANTIES OR CONDITIONS OF ANY
    KIND, either express or implied.  See the License for the
    specific language governing permissions and limitations
    under the License.
-->

<simple-methods xmlns:xsi="http://www.w3.org/2001/XMLSchema-instance"
        xmlns="http://ofbiz.apache.org/Simple-Method" xsi:schemaLocation="http://ofbiz.apache.org/Simple-Method http://ofbiz.apache.org/dtds/simple-methods.xsd">

    <!-- Employment Group -->
    <simple-method method-name="createEmployment" short-description="Create Employment">
        <set-service-fields service-name="ensurePartyRoleTo" to-map="partyRoleMap" map="parameters"/>
        <call-service service-name="ensurePartyRoleTo" in-map-name="partyRoleMap"/>

        <make-value entity-name="Employment" value-field="newEntity"/>
        <set-pk-fields value-field="newEntity" map="parameters"/>
        <set-nonpk-fields map="parameters" value-field="newEntity"/>
        <if-empty field="newEntity.fromDate">
            <now-timestamp field="nowTimeStamp"/>
            <set field="newEntity.fromDate" from-field="nowTimeStamp"/>
        </if-empty>
        <create-value value-field="newEntity"/>

        <set-service-fields service-name="createPayHistory" map="parameters" to-map="createPayHistoryMap"/>
        <set field="createPayHistoryMap.emplFromDate" from="parameters.fromDate"/>
        <call-service service-name="createPayHistory" in-map-name="createPayHistoryMap"/>
    </simple-method>

    <simple-method method-name="updatePayHistory" short-description="Update PayHistory, expire current record and create a new">
        <entity-one entity-name="PayHistory" value-field="lookedOldValue"/>
        <!-- check if amount or payGrade or salaryStepSeqId change, if Yes so expire current record -->
        <if>
          <condition>
            <and>
              <if-compare-field to-field="lookedOldValue.amount" operator="equals" field="parameters.amount"/>
              <if-compare-field to-field="lookedOldValue.payGradeId" operator="equals" field="parameters.payGradeId"/>
              <if-compare-field to-field="lookedOldValue.salaryStepSeqId" operator="equals" field="parameters.salaryStepSeqId"/>
            </and>
          </condition>
          <then>
            <!-- just update comment -->
            <set field="lookedOldValue.comments" from-field="parameters.comments"/>
            <store-value value-field="lookedOldValue"/>
          </then>
          <else>
            <!-- expire old record and create a new one -->
            <set-service-fields service-name="expirePayHistory" map="parameters" to-map="expirePayHistoryMap"/>
            <call-service service-name="expirePayHistory" in-map-name="expirePayHistoryMap"/>
            <set-service-fields service-name="createPayHistory" map="parameters" to-map="createPayHistoryMap"/>
            <if-empty field="parameters.changeDate">
                <now-timestamp field="nowTimeStamp"/>
                <set field="createPayHistoryMap.fromDate" from-field="nowTimeStamp"/>
            <else>
                <set field="createPayHistoryMap.fromDate" from-field="parameters.changeDate"/>
                </else>
            </if-empty>
            <call-service service-name="createPayHistory" in-map-name="createPayHistoryMap"/>
          </else>
        </if>
        <field-to-result field="parameters.emplFromDate" result-name="fromDate"/>
    </simple-method>

    <simple-method method-name="createEmplPositionReportingStruct" short-description="Create a Employee Position Reporting Structure">
        <make-value entity-name="EmplPositionReportingStruct" value-field="newEntity"/>
        <set-pk-fields map="parameters" value-field="newEntity"/>
        <set-nonpk-fields map="parameters" value-field="newEntity"/>
        <if-empty field="newEntity.fromDate">
            <now-timestamp field="nowTimeStamp"/>
            <set field="newEntity.fromDate" from-field="nowTimeStamp"/>
        </if-empty>
        <if>
            <condition>
                <if-compare-field field="parameters.emplPositionIdManagedBy" to-field="parameters.emplPositionIdReportingTo" operator="not-equals"/>
            </condition>
            <then>
                <create-value value-field="newEntity"/>
            </then>
            <else>
                <add-error>
                    <fail-property resource="HumanResUiLabels" property="HumanResEmplPostitionIdReportingToAndEmplPositionIdManagedByMustBeDiff"/>
                </add-error>
                <check-errors/>
            </else>
        </if>
    </simple-method>

    <simple-method method-name="createEmployee" short-description="Create New Employee">
        <set field="parameters.roleTypeId" value="EMPLOYEE"/>
        <call-simple-method method-name="createPersonRoleAndContactMechs" xml-resource="component://party/minilang/party/PartySimpleMethods.xml"/>
        <if-not-empty field="parameters.partyIdFrom">
            <set field="partyRelationshipCtx.partyId" from-field="partyId"/>
            <set field="partyRelationshipCtx.partyIdFrom" from-field="parameters.partyIdFrom"/>
            <set field="partyRelationshipCtx.partyIdTo" from-field="partyId"/>
            <set field="partyRelationshipCtx.roleTypeIdFrom" value="INTERNAL_ORGANIZATIO"/>
            <set field="partyRelationshipCtx.roleTypeIdTo" value="EMPLOYEE"/>
            <set field="partyRelationshipCtx.relationshipName" value="EMPLOYMENT"/>
            <set field="partyRelationshipCtx.fromDate" from-field="parameters.fromDate"/>
            <now-timestamp field="nowTimestamp"/>
            <if-empty field="partyRelationshipCtx.fromDate">
                <set field="partyRelationshipCtx.fromDate" from-field="nowTimestamp"/>
            </if-empty>
            <call-service service-name="createPartyRelationship" in-map-name="partyRelationshipCtx"/>
        </if-not-empty>
        <field-to-result field="partyId"/>
    </simple-method>

    <simple-method method-name="updateEmplPositionTypeRate" short-description="Update/create EmplPositionTypeRate">
        <entity-one entity-name="EmplPositionTypeRate" value-field="lookedUpValue"/>
        <!-- check if already exist is so expire current record -->
        <entity-and entity-name="EmplPositionTypeRate" list="emplPositionTypeRates" filter-by-date="true">
            <field-map field-name="emplPositionTypeId" from-field="parameters.emplPositionTypeId"/>
            <field-map field-name="rateTypeId" from-field="parameters.rateTypeId"/>
        </entity-and>
        <if-not-empty field="emplPositionTypeRates">
            <first-from-list list="emplPositionTypeRates" entry="emplPositionTypeRate"/>
            <now-timestamp field="emplPositionTypeRate.thruDate"/>
            <store-value value-field="emplPositionTypeRate"/>
        </if-not-empty>

        <make-value entity-name="EmplPositionTypeRate" value-field="newEntity"/>
        <set-pk-fields map="parameters" value-field="newEntity"/>
        <if-empty field="newEntity.fromDate"><now-timestamp field="newEntity.fromDate"/></if-empty>
        <set-nonpk-fields map="parameters" value-field="newEntity"/>
        <create-value value-field="newEntity"/>

        <if-not-empty field="parameters.rateAmount">
            <set-service-fields service-name="updateRateAmount" map="parameters" to-map="updRate"/>
            <call-service service-name="updateRateAmount" in-map-name="updRate"/>
        </if-not-empty>
    </simple-method>

    <simple-method method-name="deleteEmplPositionTypeRate" short-description="Delete EmplPositionTypeRate">
        <entity-one entity-name="EmplPositionTypeRate" value-field="lookedUpValue"/>
        <now-timestamp field="lookedUpValue.thruDate"/>
        <store-value value-field="lookedUpValue"/>

        <set-service-fields service-name="deleteRateAmount" map="parameters" to-map="delRateAmount"/>
        <set field="delRateAmount.fromDate" from-field="parameters.rateAmountFromDate"/>
        <call-service service-name="deleteRateAmount" in-map-name="delRateAmount"/>
    </simple-method>
    <simple-method method-name="getCurrentPartyEmploymentData" short-description="Get all current employment information for a certain partyId">
        <!-- party benefit -->
        <entity-and entity-name="BenefitTypeAndParty" list="partyBenefitTypes" filter-by-date="true">
            <field-map field-name="partyIdTo" from-field="parameters.partyId"/>
        </entity-and>
        <field-to-result field="partyBenefitTypes"/>
        <!-- employment -->
        <entity-and entity-name="Employment" list="employments" filter-by-date="true">
            <field-map field-name="partyIdTo" from-field="parameters.partyId"/>
        </entity-and>
        <first-from-list list="employments" entry="employment"/>
        <field-to-result field="employment"/>
        <!-- position -->
        <entity-and entity-name="EmplPositionAndFulfillment" list="emplPositionAndFulfillments" filter-by-date="true">
            <field-map field-name="employeePartyId" from-field="parameters.partyId"/>
            <field-map field-name="partyId" from-field="employment.partyIdFrom"/>
        </entity-and>
        <first-from-list list="emplPositionAndFulfillments" entry="emplPositionAndFulfillment"/>
        <field-to-result field="emplPositionAndFulfillment" result-name="emplPosition"/>
        <!-- position type -->
        <if-not-empty field="emplPositionAndFulfillment">
            <get-related-one value-field="emplPositionAndFulfillment" relation-name="EmplPositionType" to-value-field="emplPositionType"/>
            <field-to-result field="emplPositionType"/>
        </if-not-empty>
        <!-- rate amount -->
        <entity-one entity-name="PartyAcctgPreference" value-field="partyAcctgPreference">
            <field-map field-name="partyId" from-field="employment.partyIdFrom"/>
        </entity-one>
        <entity-and entity-name="RateAmount" list="rateAmounts" filter-by-date="true">
            <field-map field-name="emplPositionTypeId" from-field="emplPositionType.emplPositionTypeId"/>
            <field-map field-name="rateCurrencyUomId" from-field="partyAcctgPreference.baseCurrencyUomId"/>
        </entity-and>
        <first-from-list list="rateAmounts" entry="rateAmount"/>
        <field-to-result field="rateAmount" result-name="emplPositionRateAmount"/>
    </simple-method>

    <simple-method method-name="applyTraining" short-description="Apply Training">
        <make-value entity-name="TrainingRequest" value-field="trainingRequest"/>
        <make-next-seq-id value-field="trainingRequest" seq-field-name="trainingRequestId"/>
        <create-value value-field="trainingRequest"/>
        <make-value entity-name="PersonTraining" value-field="personTraining"/>
        <set-pk-fields map="parameters" value-field="personTraining"/>
        <set-nonpk-fields map="parameters" value-field="personTraining"/>
        <set from-field="trainingRequest.trainingRequestId" field="personTraining.trainingRequestId"/>
        <set field="personTraining.fromDate" from-field="parameters.fromDate"/>
        <set field="personTraining.thruDate" from-field="parameters.thruDate"/>
        <set field="personTraining.trainingClassTypeId" from-field="parameters.workEffortName"/>
        <create-value value-field="personTraining"/>
        <check-errors/>
    </simple-method>

    <simple-method method-name="assignTraining" short-description="Assign Training">
        <make-value entity-name="TrainingRequest" value-field="trainingRequest"/>
        <make-next-seq-id value-field="trainingRequest" seq-field-name="trainingRequestId"/>
        <create-value value-field="trainingRequest"/>
        <make-value entity-name="PersonTraining" value-field="personTraining"/>
        <set-pk-fields map="parameters" value-field="personTraining"/>
        <set-nonpk-fields map="parameters" value-field="personTraining"/>
        <set from-field="trainingRequest.trainingRequestId" field="personTraining.trainingRequestId"/>
        <set field="personTraining.fromDate" from-field="parameters.fromDate"/>
        <set field="personTraining.thruDate" from-field="parameters.thruDate"/>
        <create-value value-field="personTraining"/>
        <check-errors/>
    </simple-method>

</simple-methods>
