<?xml version="1.0" encoding="UTF-8"?>
<!--
Licensed to the Apache Software Foundation (ASF) under one
or more contributor license agreements.  See the NOTICE file
distributed with this work for additional information
regarding copyright ownership.  The ASF licenses this file
to you under the Apache License, Version 2.0 (the
"License"); you may not use this file except in compliance
with the License.  You may obtain a copy of the License at

http://www.apache.org/licenses/LICENSE-2.0

Unless required by applicable law or agreed to in writing,
software distributed under the License is distributed on an
"AS IS" BASIS, WITHOUT WARRANTIES OR CONDITIONS OF ANY
KIND, either express or implied.  See the License for the
specific language governing permissions and limitations
under the License.
-->

<screens xmlns:xsi="http://www.w3.org/2001/XMLSchema-instance"
 xmlns="http://ofbiz.apache.org/Widget-Screen" xsi:schemaLocation="http://ofbiz.apache.org/Widget-Screen http://ofbiz.apache.org/dtds/widget-screen.xsd">
    <screen name="FindPayments">
        <section>
            <actions>
                <set field="titleProperty" value="AccountingFindArPayments"/>
                <set field="headerItem" value="payments"/>
                <set field="tabButtonItem" value="findPayments"/>
            </actions>
            <widgets>
                <decorator-screen name="CommonArPaymentDecorator" location="${parameters.mainDecoratorLocation}">
                    <decorator-section name="body">
                        <section>
                            <widgets>
                                <decorator-screen name="FindScreenDecorator" location="component://common/widget/CommonScreens.xml">
                                    <decorator-section name="menu-bar">
                                        <container style="button-bar">
                                            <link target="newPayment" text="${uiLabelMap.CommonCreate}" style="buttontext create"/>
                                        </container>
                                    </decorator-section>
                                    <decorator-section name="search-options">
                                        <include-form name="FindArPayments" location="component://accounting/widget/ar/forms/ArPaymentForms.xml"/>
                                    </decorator-section>
                                    <decorator-section name="search-results">
                                        <include-grid name="ListPayments"  location="component://accounting/widget/PaymentForms.xml"/>
                                    </decorator-section>
                                </decorator-screen>
                            </widgets>
                        </section>
                    </decorator-section>
                </decorator-screen>
            </widgets>
        </section>
    </screen>
    <screen name="BatchPayments">
        <section>
            <actions>
                <set field="titleProperty" value="PageTitleDepositPaymentsAndCreateBatch"/>
                <set field="headerItem" value="payments"/>
                <set field="tabButtonItem" value="batchPayments"/>
                <set field="paymentMethodTypeId" from-field="parameters.paymentMethodTypeId"/>
                <set field="cardType" from-field="parameters.cardType"/>
                <set field="fromDate" type="Timestamp" from-field="parameters.fromDate"/>
                <set field="thruDate" type="Timestamp" from-field="parameters.thruDate"/>
                <set field="partyIdFrom" from-field="parameters.partyIdFrom"/>
                <set field="organizationPartyId" from-field="parameters.organizationPartyId"/>
                <script location="component://accounting/src/main/groovy/org/apache/ofbiz/accounting/ar/BatchPayments.groovy"/>
                <entity-and entity-name="FinAccount" list="finAccounts">
                    <field-map field-name="finAccountTypeId" value="BANK_ACCOUNT"/>
                </entity-and>
            </actions>
            <widgets>
                <decorator-screen name="CommonArPaymentDecorator" location="${parameters.mainDecoratorLocation}">
                    <decorator-section name="body">
                        <section>
                            <widgets>
                                <decorator-screen name="FindScreenDecorator" location="component://common/widget/CommonScreens.xml">
                                    <decorator-section name="search-options">
                                        <include-form name="FindBatchPayments" location="component://accounting/widget/ar/forms/ArPaymentForms.xml"/>
                                    </decorator-section> 
                                    <decorator-section name="search-results">
                                        <platform-specific>
                                            <html><html-template multi-block="true" location="component://accounting/template/ar/payment/BatchPayments.ftl"/></html>
                                        </platform-specific>
                                    </decorator-section>
                                </decorator-screen>  
                            </widgets>
                        </section>
                    </decorator-section>
                </decorator-screen>
            </widgets>
        </section>
    </screen>
    <screen name="NewIncomingPayment">
       <section>
            <actions>
                <set field="titleProperty" value="AccountingNewPaymentIncoming"/>
            </actions>
            <widgets>
               <decorator-screen name="main-decorator" location="${parameters.mainDecoratorLocation}">
                    <decorator-section name="body">
                        <section>
                            <widgets>
                                <screenlet title="${uiLabelMap.AccountingNewPaymentIncoming}">
                                    <include-form name="NewPaymentIn" location="component://accounting/widget/PaymentForms.xml"/>
                                </screenlet>
                            </widgets>
                        </section>
                    </decorator-section>
                </decorator-screen>
            </widgets>
        </section>
    </screen>
    <screen name="FindArPaymentGroups">
        <section>
            <actions>
                <set field="titleProperty" value="AccountingFindArPaymentGroups"/>
                <set field="headerItem" value="paymentGroups"/>
                <entity-condition entity-name="PaymentGroup" list="paymentGroupList">
                    <condition-list combine="and">
                        <condition-expr field-name="paymentGroupId" from-field="parameters.paymentGroupId" ignore-if-empty="true"/>
                        <condition-expr field-name="paymentGroupTypeId" value="BATCH_PAYMENT"/>
                    </condition-list>
                </entity-condition>
            </actions>
            <widgets>
                <decorator-screen name="main-decorator" location="${parameters.mainDecoratorLocation}">
                    <decorator-section name="body">
                        <decorator-screen name="FindScreenDecorator" location="component://common/widget/CommonScreens.xml">
                            <decorator-section name="search-options">
                                <include-form name="FindArPaymentGroups" location="component://accounting/widget/ar/forms/ArPaymentForms.xml"/>
                            </decorator-section>
                            <decorator-section name="search-results">
                                <include-form name="ListPaymentGroup" location="component://accounting/widget/PaymentGroupForms.xml"/>
                            </decorator-section>
                        </decorator-screen>
                    </decorator-section> 
                </decorator-screen>   
            </widgets>
        </section>
    </screen>
</screens>
