<?xml version="1.0" encoding="UTF-8"?>
<!--
Licensed to the Apache Software Foundation (ASF) under one
or more contributor license agreements.  See the NOTICE file
distributed with this work for additional information
regarding copyright ownership.  The ASF licenses this file
to you under the Apache License, Version 2.0 (the
"License"); you may not use this file except in compliance
with the License.  You may obtain a copy of the License at

http://www.apache.org/licenses/LICENSE-2.0

Unless required by applicable law or agreed to in writing,
software distributed under the License is distributed on an
"AS IS" BASIS, WITHOUT WARRANTIES OR CONDITIONS OF ANY
KIND, either express or implied.  See the License for the
specific language governing permissions and limitations
under the License.
-->

<screens xmlns:xsi="http://www.w3.org/2001/XMLSchema-instance"
        xmlns="http://ofbiz.apache.org/Widget-Screen" xsi:schemaLocation="http://ofbiz.apache.org/Widget-Screen http://ofbiz.apache.org/dtds/widget-screen.xsd">
    <screen name="main-decorator">
        <section>
            <actions>
                <property-map resource="CommonUiLabels" map-name="uiLabelMap" global="true"/>
                <property-map resource="AccountingUiLabels" map-name="uiLabelMap" global="true"/>
                <property-map resource="PartyUiLabels" map-name="uiLabelMap" global="true"/>
                <property-map resource="OrderUiLabels" map-name="uiLabelMap" global="true"/>

                <set field="layoutSettings.companyName" from-field="uiLabelMap.AccountingArCompanyName" global="true"/>
                <set field="layoutSettings.companySubtitle" from-field="uiLabelMap.AccountingCompanySubtitle" global="true"/>
                <set field="applicationMenuName" value="ArAppBar" global="true"/>
                <set field="applicationMenuLocation" value="component://accounting/widget/ar/ArMenus.xml" global="true"/>
                <set field="applicationTitle" from-field="uiLabelMap.AccountingArManagerApplication" global="true"/>
                <set field="helpAnchor" from-field="helpAnchor" default-value="_accounting_glossary"/>
            </actions>
           <widgets>
               <include-screen name="ApplicationDecorator" location="component://commonext/widget/CommonScreens.xml"/>
           </widgets>
        </section>
    </screen>
    <screen name="ShortcutApp">
        <section>
            <actions>
                <property-map resource="AccountingUiLabels" map-name="uiLabelMap" global="true"/>
                <property-map resource="PartyUiLabels" map-name="uiLabelMap" global="true"/>
            </actions>
            <widgets>
                <decorator-screen name="ShortcutDecorator" location="component://common/widget/CommonScreens.xml">
                    <decorator-section name="body">
                        <include-menu name="ArShortcutAppBar" location="component://accounting/widget/ar/ArMenus.xml"/>
                    </decorator-section>
                </decorator-screen>
            </widgets>
        </section>
    </screen>

    <screen name="main">
        <section>
            <condition>
                <if-service-permission service-name="acctgBasePermissionCheck" main-action="VIEW"/>
            </condition>
            <actions>
                <set field="tabButtonItem" value="main"/>
                <set field="invoiceTypeId" value="SALES_INVOICE"/>
            </actions>
            <widgets>
                <decorator-screen name="main-decorator" location="${parameters.mainDecoratorLocation}">
                    <decorator-section name="body">
                        <section>
                            <actions>
                                <set field="organizationPartyId" from-field="organizationPartyId" default-value="${defaultOrganizationPartyId}"/>
                                <script location="component://accounting/src/main/groovy/org/apache/ofbiz/accounting/invoice/InvoiceReport.groovy"/>
                            </actions>
                            <widgets>
                                <include-screen name="ArPastDueInvoices"/>
                                <include-screen name="ArInvoicesDueSoon"/>
                            </widgets>
                        </section>
                    </decorator-section>
                </decorator-screen>
            </widgets>
        </section>
    </screen>

    <screen name="ArPastDueInvoices">
        <section>
           <actions>
                <property-map resource="AccountingUiLabels" map-name="uiLabelMap" global="true"/>
                <set field="invoices" from-field="PastDueInvoices"/>
            </actions>
            <widgets>
                <screenlet title="${uiLabelMap.AccountingPastDueInvoices}: (${PastDueInvoicestotalAmount})">
                    <include-form name="ListReports" location="component://accounting/widget/ar/forms/InvoiceForms.xml"/>
                </screenlet>
            </widgets>
        </section>
    </screen>
    <screen name="ArInvoicesDueSoon">
        <section>
            <actions>
                <property-map resource="AccountingUiLabels" map-name="uiLabelMap" global="true"/>
                <set field="invoices" from-field="InvoicesDueSoon"/>
            </actions>
            <widgets>
                <screenlet title="${uiLabelMap.AccountingInvoicesDueSoon}: (${InvoicesDueSoonTotalAmount})">
                    <include-form name="ListReports"  location="component://accounting/widget/ar/forms/InvoiceForms.xml"/>
                </screenlet>
            </widgets>
        </section>
    </screen>

    <screen name="CommonPaymentDecorator">
        <section>
            <actions>
                <set field="headerItem" value="payments"/>
            </actions>
            <widgets>
                <decorator-screen name="main-decorator" location="${parameters.mainDecoratorLocation}">
                    <decorator-section name="body">
                        <section>
                            <!-- do check for ACCOUNTING, _VIEW permission -->
                            <condition>
                                <if-service-permission service-name="acctgBasePermissionCheck" main-action="VIEW"/>
                            </condition>
                            <widgets>
                                <include-menu name="PaymentTabBar" location="component://accounting/widget/AccountingMenus.xml"/>
                                <include-menu name="PaymentSubTabBar" location="component://accounting/widget/AccountingMenus.xml"/>
                                <label style="h2" text="${uiLabelMap[labelTitleProperty]} ${uiLabelMap.CommonId}:[${paymentId}]  ${${extraFunctionName}}"/>
                                <decorator-section-include name="body"/>
                            </widgets>
                            <fail-widgets>
                                <label style="h3" text="${uiLabelMap.AccountingViewPermissionError}"/>
                            </fail-widgets>
                        </section>
                    </decorator-section>
                </decorator-screen>
            </widgets>
        </section>
    </screen>
    <screen name="CommonArPaymentDecorator">
        <section>
            <widgets>
                <decorator-screen name="main-decorator" location="${parameters.mainDecoratorLocation}">
                    <decorator-section name="pre-body">
                        <include-menu name="ArPaymentTabBar" location="component://accounting/widget/ar/ArMenus.xml"/>
                    </decorator-section>
                    <decorator-section name="body">
                        <decorator-section-include name="body"/>
                    </decorator-section>
                </decorator-screen>
            </widgets>
        </section>
    </screen>
    <screen name="CommonPaymentGroupDecorator">
        <section>
            <actions>
                <set field="headerItem" value="paymentGroups"/>
                <set field="paymentGroupId" from-field="parameters.paymentGroupId"/>
                <entity-one entity-name="PaymentGroup" value-field="paymentGroup"/>
                <entity-and entity-name="PaymentGroupMember" list="paymentGroupMembers" filter-by-date="true">
                    <field-map field-name="paymentGroupId"/>
                </entity-and>
            </actions>
            <widgets>
                <decorator-screen name="main-decorator">
                    <decorator-section name="pre-body">
                        <include-menu name="PaymentGroupTabBar" location="component://accounting/widget/AccountingMenus.xml"/>
                    </decorator-section>
                    <decorator-section name="body">
                        <section>
                            <widgets>
                                <section>
                                    <condition>
                                        <not><if-empty field="paymentGroup"/></not>
                                    </condition>
                                    <widgets>
                                        <include-menu name="PaymentGroupSubTabBar" location="component://accounting/widget/AccountingMenus.xml"/>
                                        <label style="h1">${uiLabelMap[titleProperty]} ${uiLabelMap.CommonFor} ${paymenGroup.paymentGroupName} [${paymentGroupId}]</label>
                                    </widgets>
                                    <fail-widgets>
                                        <label style="h1">${uiLabelMap.AccountingNewPaymentGroup}</label>
                                    </fail-widgets>
                                </section>
                                <decorator-section-include name="body"/>
                            </widgets>
                        </section>
                    </decorator-section>
                </decorator-screen>
            </widgets>
        </section>
    </screen>
    <screen name="CommonInvoiceDecorator">
        <section>
            <actions>
                <set field="headerItem" value="invoices"/>
            </actions>
            <widgets>
                <decorator-screen name="main-decorator" location="${parameters.mainDecoratorLocation}">
                    <decorator-section name="body">
                        <section>
                            <widgets>
                                <decorator-section-include name="body"/>
                            </widgets>
                        </section>
                    </decorator-section>
                </decorator-screen>
            </widgets>
        </section>
    </screen>

</screens>
